_id,ANIMAL_TYPE,Year,Rank,ANIMAL_NAME,AnimalCnt
1,CAT,2020,1,CHARLIE,123
2,CAT,2020,2,LUNA,122
3,CAT,2020,3,BELLA,96
4,CAT,2020,4,MAX,84
5,CAT,2020,5,LUCY,82
6,CAT,2020,6,SMOKEY,78
7,CAT,2020,7,LEO,76
8,CAT,2020,8,MOLLY,73
9,CAT,2020,9,OLIVER,71
10,CAT,2020,10,SHADOW,71
11,CAT,2020,11,COCO,64
12,CAT,2020,12,PEPPER,62
13,CAT,2020,13,PRINCESS,62
14,CAT,2020,14,LILY,61
15,CAT,2020,15,LUCKY,61
16,CAT,2020,16,TIGER,61
17,CAT,2020,17,GINGER,59
18,CAT,2020,18,MILO,58
19,CAT,2020,19,BUDDY,57
20,CAT,2020,20,DAISY,57
21,CAT,2020,21,CLEO,56
22,CAT,2020,22,TOBY,55
23,CAT,2020,23,JACK,54
24,CAT,2020,24,SIMBA,54
25,CAT,2020,25,BABY,50
26,CAT,2020,26,OREO,50
27,CAT,2020,27,TIGGER,50
28,CAT,2020,28,CHLOE,48
29,CAT,2020,29,MISTY,48
30,CAT,2020,30,FELIX,47
31,CAT,2020,31,KITTY,46
32,CAT,2020,32,MIA,46
33,CAT,2020,33,SIMON,45
34,CAT,2020,34,OSCAR,43
35,CAT,2020,35,PUMPKIN,43
36,CAT,2020,36,ROSIE,43
37,CAT,2020,37,SAM,42
38,CAT,2020,38,COOKIE,41
39,CAT,2020,39,FLUFFY,41
40,CAT,2020,40,LOLA,41
41,CAT,2020,41,GEORGE,40
42,CAT,2020,42,MAGGIE,39
43,CAT,2020,43,JASPER,38
44,CAT,2020,44,MISSY,36
45,CAT,2020,45,NALA,36
46,CAT,2020,46,ANGEL,34
47,CAT,2020,47,GRACIE,33
48,CAT,2020,48,MIMI,33
49,CAT,2020,49,SAMMY,33
50,CAT,2020,50,BOOTS,32
51,CAT,2020,51,JOEY,32
52,CAT,2020,52,BLACKIE,31
53,CAT,2020,53,WILLOW,31
54,CAT,2020,54,PATCHES,30
55,CAT,2020,55,TOMMY,30
56,CAT,2020,56,ARCHIE,29
57,CAT,2020,57,HENRY,29
58,CAT,2020,58,SASHA,29
59,CAT,2020,59,STELLA,29
60,CAT,2020,60,NO NAME,28
61,CAT,2020,61,OLLIE,28
62,CAT,2020,62,POPPY,28
63,CAT,2020,63,BANDIT,27
64,CAT,2020,64,EMMA,27
65,CAT,2020,65,LOKI,27
66,CAT,2020,66,ROCKY,27
67,CAT,2020,67,SADIE,27
68,CAT,2020,68,ZIGGY,27
69,CAT,2020,69,ZOE,27
70,CAT,2020,70,BUSTER,26
71,CAT,2020,71,MINNIE,26
72,CAT,2020,72,MONTY,26
73,CAT,2020,73,PENNY,26
74,CAT,2020,74,GIZMO,25
75,CAT,2020,75,HOLLY,25
76,CAT,2020,76,KATIE,25
77,CAT,2020,77,LULU,25
78,CAT,2020,78,MIDNIGHT,25
79,CAT,2020,79,MITTENS,25
80,CAT,2020,80,MUFFIN,25
81,CAT,2020,81,SMUDGE,25
82,CAT,2020,82,SOPHIE,25
83,CAT,2020,83,TEDDY,25
84,CAT,2020,84,PEANUT,24
85,CAT,2020,85,RUBY,24
86,CAT,2020,86,WINSTON,24
87,CAT,2020,87,ABBY,23
88,CAT,2020,88,BOO,23
89,CAT,2020,89,CALI,23
90,CAT,2020,90,FRANKIE,23
91,CAT,2020,91,LILLY,23
92,CAT,2020,92,MILLIE,23
93,CAT,2020,93,SUNNY,23
94,CAT,2020,94,CHARLOTTE,22
95,CAT,2020,95,MAYA,22
96,CAT,2020,96,MICKEY,22
97,CAT,2020,97,MOMO,22
98,CAT,2020,98,RUSTY,22
99,CAT,2020,99,SALEM,22
100,CAT,2020,100,ZOEY,22
101,CAT,2020,101,BAILEY,21
102,CAT,2020,102,CALLIE,21
103,CAT,2020,103,CHESTER,21
104,CAT,2020,104,JAKE,21
105,CAT,2020,105,KIKI,21
106,CAT,2020,106,OLIVE,21
107,CAT,2020,107,ANNIE,20
108,CAT,2020,108,HONEY,20
109,CAT,2020,109,LOUIE,20
110,CAT,2020,110,PANDA,20
111,CAT,2020,111,SUGAR,20
112,CAT,2020,112,BEAR,19
113,CAT,2020,113,BELLE,19
114,CAT,2020,114,ELLIE,19
115,CAT,2020,115,HARRY,19
116,CAT,2020,116,JERRY,19
117,CAT,2020,117,PHOEBE,19
118,CAT,2020,118,PIPER,19
119,CAT,2020,119,PRECIOUS,19
120,CAT,2020,120,THEO,19
121,CAT,2020,121,BONNIE,18
122,CAT,2020,122,DUSTY,18
123,CAT,2020,123,ELLA,18
124,CAT,2020,124,PENELOPE,18
125,CAT,2020,125,PRINCE,18
126,CAT,2020,126,ROXY,18
127,CAT,2020,127,SPARKY,18
128,CAT,2020,128,BOWIE,17
129,CAT,2020,129,BUBBLES,17
130,CAT,2020,130,DEXTER,17
131,CAT,2020,131,JACKSON,17
132,CAT,2020,132,JASMINE,17
133,CAT,2020,133,MARLEY,17
134,CAT,2020,134,MINOU,17
135,CAT,2020,135,MISHA,17
136,CAT,2020,136,OLIVIA,17
137,CAT,2020,137,SAMANTHA,17
138,CAT,2020,138,SASSY,17
139,CAT,2020,139,STORM,17
140,CAT,2020,140,SUSHI,17
141,CAT,2020,141,BENNY,16
142,CAT,2020,142,BLUE,16
143,CAT,2020,143,FINN,16
144,CAT,2020,144,LADY,16
145,CAT,2020,145,MANGO,16
146,CAT,2020,146,MONKEY,16
147,CAT,2020,147,SALLY,16
148,CAT,2020,148,AMBER,15
149,CAT,2020,149,CASPER,15
150,CAT,2020,150,CLARA,15
151,CAT,2020,151,GARFIELD,15
152,CAT,2020,152,GIGI,15
153,DOG,2020,1,CHARLIE,553
154,DOG,2020,2,LUNA,414
155,DOG,2020,3,BELLA,411
156,DOG,2020,4,MAX,351
157,DOG,2020,5,COCO,303
158,DOG,2020,6,MOLLY,298
159,DOG,2020,7,BAILEY,291
160,DOG,2020,8,LUCY,277
161,DOG,2020,9,DAISY,264
162,DOG,2020,10,BUDDY,255
163,DOG,2020,11,LOLA,253
164,DOG,2020,12,MAGGIE,246
165,DOG,2020,13,ROCKY,229
166,DOG,2020,14,MILO,219
167,DOG,2020,15,TOBY,215
168,DOG,2020,16,COOPER,209
169,DOG,2020,17,STELLA,206
170,DOG,2020,18,RUBY,202
171,DOG,2020,19,ROSIE,200
172,DOG,2020,20,TEDDY,190
173,DOG,2020,21,RILEY,182
174,DOG,2020,22,LILY,180
175,DOG,2020,23,CHLOE,178
176,DOG,2020,24,PENNY,178
177,DOG,2020,25,LUCKY,176
178,DOG,2020,26,SADIE,170
179,DOG,2020,27,LEO,160
180,DOG,2020,28,HARLEY,153
181,DOG,2020,29,JACK,153
182,DOG,2020,30,SOPHIE,149
183,DOG,2020,31,OSCAR,145
184,DOG,2020,32,ROXY,141
185,DOG,2020,33,OLIVER,136
186,DOG,2020,34,TUCKER,133
187,DOG,2020,35,MURPHY,127
188,DOG,2020,36,BEAR,122
189,DOG,2020,37,DEXTER,121
190,DOG,2020,38,JASPER,120
191,DOG,2020,39,HENRY,117
192,DOG,2020,40,PEPPER,116
193,DOG,2020,41,WINSTON,113
194,DOG,2020,42,PIPER,112
195,DOG,2020,43,WILLOW,112
196,DOG,2020,44,ZOE,111
197,DOG,2020,45,FRANKIE,108
198,DOG,2020,46,OLLIE,105
199,DOG,2020,47,ABBY,104
200,DOG,2020,48,JAKE,104
201,DOG,2020,49,BENTLEY,102
202,DOG,2020,50,JOEY,101
203,DOG,2020,51,MARLEY,101
204,DOG,2020,52,MIA,101
205,DOG,2020,53,MAYA,100
206,DOG,2020,54,ARCHIE,99
207,DOG,2020,55,DUKE,97
208,DOG,2020,56,ELLIE,97
209,DOG,2020,57,LOUIE,97
210,DOG,2020,58,POPPY,97
211,DOG,2020,59,FINN,96
212,DOG,2020,60,SIMBA,96
213,DOG,2020,61,GRACIE,95
214,DOG,2020,62,SAM,95
215,DOG,2020,63,SHADOW,95
216,DOG,2020,64,ZEUS,94
217,DOG,2020,65,JACKSON,91
218,DOG,2020,66,GINGER,90
219,DOG,2020,67,LOKI,88
220,DOG,2020,68,MOCHA,87
221,DOG,2020,69,TYSON,87
222,DOG,2020,70,WINNIE,86
223,DOG,2020,71,ZOEY,86
224,DOG,2020,72,CODY,82
225,DOG,2020,73,REX,82
226,DOG,2020,74,BENJI,81
227,DOG,2020,75,HUNTER,81
228,DOG,2020,76,NALA,81
229,DOG,2020,77,MILLIE,80
230,DOG,2020,78,HUGO,79
231,DOG,2020,79,SCOUT,77
232,DOG,2020,80,CHICO,76
233,DOG,2020,81,PRINCESS,75
234,DOG,2020,82,OREO,74
235,DOG,2020,83,SASHA,74
236,DOG,2020,84,KOBE,73
237,DOG,2020,85,PRINCE,73
238,DOG,2020,86,ANGEL,72
239,DOG,2020,87,LEXI,72
240,DOG,2020,88,BRUNO,71
241,DOG,2020,89,RUSTY,71
242,DOG,2020,90,EMMA,70
243,DOG,2020,91,HUDSON,70
244,DOG,2020,92,BEAU,68
245,DOG,2020,93,FINNEGAN,68
246,DOG,2020,94,GEORGE,68
247,DOG,2020,95,LULU,68
248,DOG,2020,96,OLIVE,67
249,DOG,2020,97,SAMMY,67
250,DOG,2020,98,ELLA,66
251,DOG,2020,99,COOKIE,64
252,DOG,2020,100,HOLLY,64
253,DOG,2020,101,MONTY,64
254,DOG,2020,102,RUFUS,64
255,DOG,2020,103,BLUE,62
256,DOG,2020,104,CASEY,62
257,DOG,2020,105,HONEY,62
258,DOG,2020,106,JESSIE,62
259,DOG,2020,107,OTIS,62
260,DOG,2020,108,SPARKY,61
261,DOG,2020,109,SUNNY,61
262,DOG,2020,110,CHESTER,60
263,DOG,2020,111,GUS,60
264,DOG,2020,112,JUNO,60
265,DOG,2020,113,ACE,58
266,DOG,2020,114,MAPLE,58
267,DOG,2020,115,CLEO,57
268,DOG,2020,116,JAX,57
269,DOG,2020,117,NINA,57
270,DOG,2020,118,GIZMO,55
271,DOG,2020,119,ZIGGY,55
272,DOG,2020,120,PEANUT,54
273,DOG,2020,121,PHOEBE,54
274,DOG,2020,122,RUDY,53
275,DOG,2020,123,BENNY,51
276,DOG,2020,124,CHASE,51
277,DOG,2020,125,DIESEL,51
278,DOG,2020,126,MOOSE,51
279,DOG,2020,127,OZZY,51
280,DOG,2020,128,REMY,51
281,DOG,2020,129,BUSTER,50
282,DOG,2020,130,HANK,50
283,DOG,2020,131,HAZEL,50
284,DOG,2020,132,KODA,50
285,DOG,2020,133,MICKEY,50
286,DOG,2020,134,SNOOPY,50
287,DOG,2020,135,BAXTER,49
288,DOG,2020,136,BRUCE,48
289,DOG,2020,137,CALI,48
290,DOG,2020,138,REGGIE,48
291,DOG,2020,139,ALFIE,47
292,DOG,2020,140,LOUIS,47
293,DOG,2020,141,MIKA,47
294,DOG,2020,142,BOWIE,46
295,DOG,2020,143,SANDY,46
296,DOG,2020,144,ANNIE,45
297,DOG,2020,145,EDDIE,45
298,DOG,2020,146,LADY,45
299,DOG,2020,147,SKYE,44
300,DOG,2020,148,THEO,44
301,DOG,2020,149,COSMO,43
302,DOG,2020,150,HEIDI,43
303,DOG,2020,151,LAYLA,43
304,DOG,2020,152,ODIN,43
305,DOG,2020,153,PARKER,43
306,CAT,2020,153,KIWI,15
307,CAT,2020,154,MERLIN,15
308,CAT,2020,155,PEBBLES,15
309,CAT,2020,156,SNOWFLAKE,15
310,CAT,2020,157,SOCKS,15
311,CAT,2020,158,SYLVESTER,15
312,CAT,2020,159,TOM,15
313,CAT,2020,160,WHISKEY,15
314,CAT,2020,161,WINNIE,15
315,CAT,2020,162,ABIGAIL,14
316,CAT,2020,163,ALICE,14
317,CAT,2020,164,ATHENA,14
318,CAT,2020,165,BEAU,14
319,CAT,2020,166,CALVIN,14
320,CAT,2020,167,CINNAMON,14
321,CAT,2020,168,EBONY,14
322,CAT,2020,169,FRED,14
323,CAT,2020,170,FREDDIE,14
324,CAT,2020,171,PEACHES,14
325,CAT,2020,172,RILEY,14
326,CAT,2020,173,ROMEO,14
327,CAT,2020,174,SCOOTER,14
328,CAT,2020,175,STANLEY,14
329,CAT,2020,176,TAZ,14
330,CAT,2020,177,ALFIE,13
331,CAT,2020,178,AMY,13
332,CAT,2020,179,BENTLEY,13
333,CAT,2020,180,DOLLY,13
334,CAT,2020,181,ELSA,13
335,CAT,2020,182,EMILY,13
336,CAT,2020,183,GUS,13
337,CAT,2020,184,HARLEY,13
338,CAT,2020,185,LYNX,13
339,CAT,2020,186,MARBLE,13
340,CAT,2020,187,NEMO,13
341,CAT,2020,188,PERCY,13
342,CAT,2020,189,SILVER,13
343,CAT,2020,190,TIMMY,13
344,CAT,2020,191,TINA,13
345,CAT,2020,192,ANGUS,12
346,CAT,2020,193,ASH,12
347,CAT,2020,194,ASHLEY,12
348,CAT,2020,195,BAXTER,12
349,CAT,2020,196,BUTTONS,12
350,CAT,2020,197,CASEY,12
351,CAT,2020,198,COCOA,12
352,CAT,2020,199,DOMINO,12
353,CAT,2020,200,GRACE,12
354,CAT,2021,1,LUNA,150
355,CAT,2021,2,CHARLIE,124
356,CAT,2021,3,BELLA,101
357,CAT,2021,4,SHADOW,99
358,CAT,2021,5,LUCY,87
359,CAT,2021,6,LEO,82
360,CAT,2021,7,MAX,81
361,CAT,2021,8,MOLLY,80
362,CAT,2021,9,SMOKEY,76
363,CAT,2021,10,OLIVER,74
364,CAT,2021,11,TIGER,74
365,CAT,2021,12,LILY,69
366,CAT,2021,13,JACK,64
367,CAT,2021,14,BUDDY,63
368,CAT,2021,15,LUCKY,60
369,CAT,2021,16,PEPPER,60
370,CAT,2021,17,CLEO,59
371,CAT,2021,18,DAISY,59
372,CAT,2021,19,GINGER,57
373,CAT,2021,20,OREO,57
374,CAT,2021,21,CHLOE,55
375,CAT,2021,22,KITTY,55
376,CAT,2021,23,MILO,55
377,CAT,2021,24,PRINCESS,55
378,CAT,2021,25,ROSIE,55
379,CAT,2021,26,SIMBA,55
380,CAT,2021,27,BABY,52
381,CAT,2021,28,COCO,52
382,CAT,2021,29,TOBY,52
383,CAT,2021,30,MIA,50
384,CAT,2021,31,PUMPKIN,50
385,CAT,2021,32,LOLA,48
386,CAT,2021,33,SAM,48
387,CAT,2021,34,FELIX,47
388,CAT,2021,35,TIGGER,46
389,CAT,2021,36,FLUFFY,45
390,CAT,2021,37,GEORGE,44
391,CAT,2021,38,OSCAR,43
392,CAT,2021,39,SIMON,43
393,CAT,2021,40,GRACIE,41
394,CAT,2021,41,MISTY,41
395,CAT,2021,42,MISSY,40
396,CAT,2021,43,COOKIE,37
397,CAT,2021,44,MAGGIE,37
398,CAT,2021,45,TOMMY,36
399,CAT,2021,46,NALA,35
400,CAT,2021,47,SOPHIE,35
401,CAT,2021,48,JASPER,34
402,CAT,2021,49,MIMI,34
403,CAT,2021,50,RUBY,34
404,CAT,2021,51,STELLA,34
405,CAT,2021,52,ANGEL,33
406,CAT,2021,53,LOKI,33
407,CAT,2021,54,PATCHES,33
408,CAT,2021,55,SAMMY,33
409,CAT,2021,56,MIDNIGHT,32
410,CAT,2021,57,MINNIE,32
411,CAT,2021,58,WILLOW,32
412,CAT,2021,59,PRINCE,31
413,CAT,2021,60,SADIE,31
414,CAT,2021,61,ARCHIE,30
415,CAT,2021,62,CALLIE,30
416,CAT,2021,63,FRANKIE,30
417,CAT,2021,64,KIKI,30
418,CAT,2021,65,SMUDGE,30
419,CAT,2021,66,PENNY,29
420,CAT,2021,67,POPPY,29
421,CAT,2021,68,SALEM,29
422,CAT,2021,69,SUNNY,29
423,CAT,2021,70,BOOTS,28
424,CAT,2021,71,CHESTER,28
425,CAT,2021,72,MUFFIN,28
426,CAT,2021,73,NO NAME,28
427,CAT,2021,74,PENELOPE,28
428,CAT,2021,75,ZOE,28
429,CAT,2021,76,SASHA,27
430,CAT,2021,77,TEDDY,27
431,CAT,2021,78,BUSTER,26
432,CAT,2021,79,DEXTER,26
433,CAT,2021,80,HENRY,26
434,CAT,2021,81,LULU,26
435,CAT,2021,82,OLLIE,26
436,CAT,2021,83,STORM,26
437,CAT,2021,84,BEAR,25
438,CAT,2021,85,BLUE,25
439,CAT,2021,86,BOO,25
440,CAT,2021,87,CHARLOTTE,25
441,CAT,2021,88,EMMA,25
442,CAT,2021,89,HARRY,25
443,CAT,2021,90,MILLIE,25
444,CAT,2021,91,MITTENS,25
445,CAT,2021,92,MOMO,25
446,CAT,2021,93,ZOEY,25
447,CAT,2021,94,CALI,24
448,CAT,2021,95,ELLIE,24
449,CAT,2021,96,GIZMO,24
450,CAT,2021,97,JOEY,24
451,CAT,2021,98,MONTY,24
452,CAT,2021,99,PEANUT,24
453,CAT,2021,100,PIPER,24
454,CAT,2021,101,BANDIT,23
455,CAT,2021,102,THEO,23
456,CAT,2021,103,BLACKIE,22
457,DOG,2021,1,CHARLIE,595
458,DOG,2021,2,LUNA,480
459,DOG,2021,3,BELLA,462
460,DOG,2021,4,MAX,385
461,DOG,2021,5,COCO,347
462,DOG,2021,6,MOLLY,314
463,DOG,2021,7,DAISY,313
464,DOG,2021,8,BAILEY,307
465,DOG,2021,9,LUCY,304
466,DOG,2021,10,MILO,302
467,DOG,2021,11,LOLA,279
468,DOG,2021,12,BUDDY,274
469,DOG,2021,13,ROCKY,252
470,DOG,2021,14,COOPER,249
471,DOG,2021,15,MAGGIE,245
472,DOG,2021,16,TOBY,232
473,DOG,2021,17,RUBY,227
474,DOG,2021,18,TEDDY,227
475,DOG,2021,19,ROSIE,221
476,DOG,2021,20,STELLA,206
477,DOG,2021,21,CHLOE,202
478,DOG,2021,22,LILY,201
479,DOG,2021,23,LEO,193
480,DOG,2021,24,RILEY,188
481,DOG,2021,25,PENNY,186
482,DOG,2021,26,LUCKY,182
483,DOG,2021,27,OSCAR,176
484,DOG,2021,28,SADIE,171
485,DOG,2021,29,MURPHY,165
486,DOG,2021,30,SOPHIE,161
487,DOG,2021,31,HARLEY,156
488,DOG,2021,32,JACK,156
489,DOG,2021,33,ROXY,150
490,DOG,2021,34,PEPPER,148
491,DOG,2021,35,JASPER,144
492,DOG,2021,36,ARCHIE,140
493,DOG,2021,37,PIPER,139
494,DOG,2021,38,OLLIE,138
495,DOG,2021,39,BEAR,136
496,DOG,2021,40,ZOE,135
497,DOG,2021,41,OLIVER,132
498,DOG,2021,42,TUCKER,130
499,DOG,2021,43,WINSTON,126
500,DOG,2021,44,FRANKIE,122
501,DOG,2021,45,MAYA,120
502,DOG,2021,46,HENRY,119
503,DOG,2021,47,LOKI,119
504,DOG,2021,48,WILLOW,116
505,DOG,2021,49,FINN,115
506,DOG,2021,50,SIMBA,115
507,DOG,2021,51,ABBY,114
508,DOG,2021,52,DEXTER,114
509,DOG,2021,53,ELLIE,114
510,DOG,2021,54,POPPY,113
511,DOG,2021,55,ZOEY,112
512,DOG,2021,56,DUKE,111
513,DOG,2021,57,JOEY,111
514,DOG,2021,58,ZEUS,110
515,DOG,2021,59,BENTLEY,109
516,DOG,2021,60,LOUIE,108
517,DOG,2021,61,MIA,108
518,DOG,2021,62,MARLEY,106
519,DOG,2021,63,WINNIE,106
520,DOG,2021,64,JAKE,101
521,DOG,2021,65,MILLIE,101
522,DOG,2021,66,COOKIE,97
523,DOG,2021,67,SHADOW,96
524,DOG,2021,68,GINGER,95
525,DOG,2021,69,CODY,94
526,DOG,2021,70,NALA,93
527,DOG,2021,71,SAM,93
528,DOG,2021,72,SCOUT,93
529,DOG,2021,73,OREO,92
530,DOG,2021,74,BENJI,89
531,DOG,2021,75,GRACIE,89
532,DOG,2021,76,HUDSON,89
533,DOG,2021,77,KOBE,89
534,DOG,2021,78,TYSON,89
535,DOG,2021,79,HUNTER,88
536,DOG,2021,80,SASHA,88
537,DOG,2021,81,HUGO,86
538,DOG,2021,82,JACKSON,86
539,DOG,2021,83,BRUNO,85
540,DOG,2021,84,MOCHA,84
541,DOG,2021,85,OLIVE,84
542,DOG,2021,86,JUNO,82
543,DOG,2021,87,REX,82
544,DOG,2021,88,CHESTER,81
545,DOG,2021,89,LULU,81
546,DOG,2021,90,FINNEGAN,80
547,DOG,2021,91,LEXI,80
548,DOG,2021,92,BLUE,79
549,DOG,2021,93,CHICO,78
550,DOG,2021,94,JAX,78
551,DOG,2021,95,PHOEBE,78
552,DOG,2021,96,ELLA,77
553,DOG,2021,97,EMMA,77
554,DOG,2021,98,PRINCE,77
555,DOG,2021,99,BEAU,76
556,DOG,2021,100,SUNNY,75
557,DOG,2021,101,GEORGE,74
558,DOG,2021,102,ANGEL,73
559,DOG,2021,103,OTIS,72
560,DOG,2021,104,GUS,71
561,DOG,2021,105,CLEO,70
562,DOG,2021,106,PRINCESS,70
563,DOG,2021,107,ACE,67
564,DOG,2021,108,HAZEL,67
565,DOG,2021,109,MAPLE,67
566,DOG,2021,110,RUSTY,67
567,DOG,2021,111,SAMMY,67
568,DOG,2021,112,MONTY,66
569,DOG,2021,113,KODA,65
570,DOG,2021,114,RUFUS,65
571,DOG,2021,115,BOWIE,64
572,DOG,2021,116,BUSTER,64
573,DOG,2021,117,OZZY,64
574,DOG,2021,118,THEO,64
575,DOG,2021,119,HOLLY,61
576,DOG,2021,120,LOUIS,61
577,DOG,2021,121,REGGIE,61
578,DOG,2021,122,DIESEL,60
579,DOG,2021,123,RUDY,60
580,DOG,2021,124,HANK,59
581,DOG,2021,125,HONEY,59
582,DOG,2021,126,ZIGGY,59
583,DOG,2021,127,BENNY,58
584,DOG,2021,128,CALI,58
585,DOG,2021,129,NINA,58
586,DOG,2021,130,PEANUT,58
587,DOG,2021,131,CHASE,57
588,DOG,2021,132,EDDIE,57
589,DOG,2021,133,MOOSE,56
590,DOG,2021,134,ODIN,56
591,DOG,2021,135,ROMEO,56
592,DOG,2021,136,SKYE,56
593,DOG,2021,137,LAYLA,55
594,DOG,2021,138,CASEY,54
595,DOG,2021,139,IVY,54
596,DOG,2021,140,SPARKY,54
597,DOG,2021,141,BAXTER,53
598,DOG,2021,142,KING,53
599,DOG,2021,143,GIZMO,52
600,DOG,2021,144,ALFIE,51
601,DOG,2021,145,MICKEY,51
602,DOG,2021,146,REMY,51
603,DOG,2021,147,THOR,50
604,DOG,2021,148,ANNIE,49
605,DOG,2021,149,LADY,49
606,DOG,2021,150,LILLY,49
607,DOG,2021,151,PARKER,49
608,DOG,2021,152,BRUCE,48
609,DOG,2021,153,MISSY,48
610,CAT,2022,1,LUNA,144
611,CAT,2022,2,CHARLIE,114
612,CAT,2022,3,BELLA,83
613,CAT,2022,4,SHADOW,82
614,CAT,2022,5,LUCY,79
615,CAT,2022,6,LEO,71
616,CAT,2022,7,COCO,70
617,CAT,2022,8,MOLLY,67
618,CAT,2022,9,SMOKEY,63
619,CAT,2022,10,LILY,61
620,CAT,2022,11,OLIVER,61
621,CAT,2022,12,TIGER,60
622,CAT,2022,13,DAISY,59
623,CAT,2022,14,MAX,59
624,CAT,2022,15,SIMBA,59
625,CAT,2022,16,JACK,58
626,CAT,2022,17,BUDDY,53
627,CAT,2022,18,CLEO,53
628,CAT,2022,19,LUCKY,53
629,CAT,2022,20,MILO,53
630,CAT,2022,21,PEPPER,52
631,CAT,2022,22,OREO,51
632,CAT,2022,23,LOLA,49
633,CAT,2022,24,GINGER,48
634,CAT,2022,25,FELIX,47
635,CAT,2022,26,TIGGER,46
636,CAT,2022,27,PRINCESS,45
637,CAT,2022,28,MIA,44
638,CAT,2022,29,MISTY,43
639,CAT,2022,30,ROSIE,42
640,CAT,2022,31,SAM,42
641,CAT,2022,32,GEORGE,41
642,CAT,2022,33,OSCAR,41
643,CAT,2022,34,BABY,40
644,CAT,2022,35,CHLOE,40
645,CAT,2022,36,KITTY,39
646,CAT,2022,37,LOKI,38
647,CAT,2022,38,MINNIE,38
648,CAT,2022,39,PUMPKIN,38
649,CAT,2022,40,SIMON,38
650,CAT,2022,41,SOPHIE,38
651,CAT,2022,42,FLUFFY,37
652,CAT,2022,43,STELLA,37
653,CAT,2022,44,TOBY,37
654,CAT,2022,45,GRACIE,36
655,CAT,2022,46,WILLOW,36
656,CAT,2022,47,BOOTS,35
657,CAT,2022,48,NALA,35
658,CAT,2022,49,MAGGIE,33
659,CAT,2022,50,COOKIE,32
660,CAT,2022,51,MISSY,32
661,CAT,2022,52,CALLIE,31
662,CAT,2022,53,MIDNIGHT,31
663,CAT,2022,54,RUBY,30
664,CAT,2022,55,SMUDGE,30
665,CAT,2022,56,TOMMY,30
666,CAT,2022,57,ANGEL,29
667,CAT,2022,58,JASPER,29
668,CAT,2022,59,KIKI,29
669,CAT,2022,60,LULU,29
670,CAT,2022,61,MIMI,29
671,CAT,2022,62,PATCHES,29
672,CAT,2022,63,SADIE,29
673,CAT,2022,64,ZOE,27
674,CAT,2022,65,BOO,26
675,CAT,2022,66,PENNY,26
676,CAT,2022,67,TEDDY,26
677,CAT,2022,68,MITTENS,25
678,CAT,2022,69,OLLIE,25
679,CAT,2022,70,POPPY,25
680,CAT,2022,71,ARCHIE,24
681,CAT,2022,72,CHESTER,24
682,CAT,2022,73,FRANKIE,24
683,CAT,2022,74,GARFIELD,24
684,CAT,2022,75,JOEY,24
685,CAT,2022,76,OLIVE,24
686,CAT,2022,77,PENELOPE,24
687,CAT,2022,78,PRINCE,24
688,CAT,2022,79,ROCKY,24
689,CAT,2022,80,SALEM,24
690,CAT,2022,81,GIZMO,23
691,CAT,2022,82,MILLIE,23
692,CAT,2022,83,SAMMY,23
693,CAT,2022,84,SYLVESTER,23
694,CAT,2022,85,GIGI,22
695,CAT,2022,86,HENRY,22
696,CAT,2022,87,MONTY,22
697,CAT,2022,88,PIPER,22
698,CAT,2022,89,ASH,21
699,CAT,2022,90,SUGAR,21
700,CAT,2022,91,WINSTON,21
701,CAT,2022,92,BEAR,20
702,CAT,2022,93,BLACKIE,20
703,CAT,2022,94,BLUE,20
704,CAT,2022,95,CALI,20
705,CAT,2022,96,HOLLY,20
706,CAT,2022,97,MOMO,20
707,CAT,2022,98,MUFFIN,20
708,CAT,2022,99,PEACHES,20
709,CAT,2022,100,PHOEBE,20
710,CAT,2022,101,SASHA,20
711,CAT,2022,102,ABBY,19
712,CAT,2022,103,BANDIT,19
713,CAT,2022,104,BELLE,19
714,CAT,2022,105,EMMA,19
715,CAT,2022,106,HARRY,19
716,CAT,2022,107,JACKSON,19
717,CAT,2022,108,MOCHA,19
718,CAT,2022,109,PRECIOUS,19
719,CAT,2022,110,AMBER,18
720,CAT,2022,111,ATHENA,18
721,CAT,2022,112,MANGO,18
722,CAT,2022,113,MOCHI,18
723,CAT,2022,114,NO NAME,18
724,CAT,2022,115,PEANUT,18
725,CAT,2022,116,PERCY,18
726,CAT,2022,117,ZEUS,18
727,CAT,2022,118,ZIGGY,18
728,CAT,2022,119,ALICE,17
729,CAT,2022,120,BUSTER,17
730,CAT,2022,121,HAZEL,17
731,CAT,2022,122,IVY,17
732,CAT,2022,123,MARLEY,17
733,CAT,2022,124,RUSTY,17
734,CAT,2022,125,STORM,17
735,CAT,2022,126,TOM,17
736,CAT,2022,127,BAILEY,16
737,CAT,2022,128,BILLY,16
738,CAT,2022,129,CHARLOTTE,16
739,CAT,2022,130,DEXTER,16
740,CAT,2022,131,DUSTY,16
741,CAT,2022,132,HARLEY,16
742,CAT,2022,133,HONEY,16
743,CAT,2022,134,LADY,16
744,CAT,2022,135,LILLY,16
745,CAT,2022,136,MAYA,16
746,CAT,2022,137,MONKEY,16
747,CAT,2022,138,PANDA,16
748,CAT,2022,139,ROMEO,16
749,CAT,2022,140,SUSHI,16
750,CAT,2022,141,THEO,16
751,CAT,2022,142,BUBBLES,15
752,CAT,2022,143,GUS,15
753,CAT,2022,144,JASMINE,15
754,CAT,2022,145,KIWI,15
755,CAT,2022,146,MICKEY,15
756,CAT,2022,147,ROXY,15
757,CAT,2022,148,WHISKEY,15
758,CAT,2022,149,ZOEY,15
759,CAT,2022,150,ANNIE,14
760,CAT,2022,151,ARTEMIS,14
761,CAT,2022,152,BOB,14
762,CAT,2021,104,JACKSON,22
763,CAT,2021,105,JAKE,22
764,CAT,2021,106,KIWI,22
765,CAT,2021,107,MAYA,22
766,CAT,2021,108,OLIVE,22
767,CAT,2021,109,ZIGGY,22
768,CAT,2021,110,ANNIE,21
769,CAT,2021,111,BAILEY,21
770,CAT,2021,112,LOUIE,21
771,CAT,2021,113,MICKEY,21
772,CAT,2021,114,MISHA,21
773,CAT,2021,115,MOCHA,21
774,CAT,2021,116,WINSTON,21
775,CAT,2021,117,ALICE,20
776,CAT,2021,118,ELLA,20
777,CAT,2021,119,PEACHES,20
778,CAT,2021,120,PRECIOUS,20
779,CAT,2021,121,GIGI,19
780,CAT,2021,122,HOLLY,19
781,CAT,2021,123,LILLY,19
782,CAT,2021,124,MOCHI,19
783,CAT,2021,125,PEBBLES,19
784,CAT,2021,126,PHOEBE,19
785,CAT,2021,127,ROCKY,19
786,CAT,2021,128,RUSTY,19
787,CAT,2021,129,SOCKS,19
788,CAT,2021,130,SPARKY,19
789,CAT,2021,131,TOM,19
790,CAT,2021,132,ABBY,18
791,CAT,2021,133,BELLE,18
792,CAT,2021,134,FINN,18
793,CAT,2021,135,HARLEY,18
794,CAT,2021,136,HONEY,18
795,CAT,2021,137,JASMINE,18
796,CAT,2021,138,LEXI,18
797,CAT,2021,139,MARLEY,18
798,CAT,2021,140,MINOU,18
799,CAT,2021,141,SUSHI,18
800,CAT,2021,142,WHISKEY,18
801,CAT,2021,143,BILLY,17
802,CAT,2021,144,BONNIE,17
803,CAT,2021,145,ELSA,17
804,CAT,2021,146,LADY,17
805,CAT,2021,147,ROXY,17
806,CAT,2021,148,ZEUS,17
807,CAT,2021,149,AMBER,16
808,CAT,2021,150,DUSTY,16
809,CAT,2021,151,FRED,16
810,CAT,2021,152,OLIVIA,16
811,CAT,2021,153,ROMEO,16
812,CAT,2021,154,SALLY,16
813,CAT,2021,155,SAMANTHA,16
814,CAT,2021,156,SUGAR,16
815,CAT,2021,157,ARTEMIS,15
816,CAT,2021,158,ASH,15
817,CAT,2021,159,ATHENA,15
818,CAT,2021,160,CLYDE,15
819,CAT,2021,161,COCOA,15
820,CAT,2021,162,EMILY,15
821,CAT,2021,163,GARFIELD,15
822,CAT,2021,164,IRIS,15
823,CAT,2021,165,IVY,15
824,CAT,2021,166,JIMMY,15
825,CAT,2021,167,KATIE,15
826,CAT,2021,168,MAPLE,15
827,CAT,2021,169,OZZY,15
828,CAT,2021,170,PERCY,15
829,CAT,2021,171,SASSY,15
830,CAT,2021,172,THOMAS,15
831,CAT,2021,173,BAXTER,14
832,CAT,2021,174,BOB,14
833,CAT,2021,175,BOBBY,14
834,CAT,2021,176,BRUCE,14
835,CAT,2021,177,BUBBLES,14
836,CAT,2021,178,CRICKET,14
837,CAT,2021,179,EARL,14
838,CAT,2021,180,FREDDIE,14
839,CAT,2021,181,GUS,14
840,CAT,2021,182,HUNTER,14
841,CAT,2021,183,JERRY,14
842,CAT,2021,184,MERLIN,14
843,CAT,2021,185,PIXIE,14
844,CAT,2021,186,RASCAL,14
845,CAT,2021,187,SNOWY,14
846,CAT,2021,188,STAR,14
847,CAT,2021,189,SYLVESTER,14
848,CAT,2021,190,TINY,14
849,CAT,2021,191,WINNIE,14
850,CAT,2021,192,ALFIE,13
851,CAT,2021,193,BISCUIT,13
852,CAT,2021,194,BOWIE,13
853,CAT,2021,195,BUTTONS,13
854,CAT,2021,196,CHICO,13
855,CAT,2021,197,DOLLY,13
856,CAT,2021,198,FINNEGAN,13
857,CAT,2021,199,FREYA,13
858,CAT,2021,200,HAZEL,13
859,DOG,2022,1,CHARLIE,551
860,DOG,2022,2,LUNA,491
861,DOG,2022,3,BELLA,402
862,DOG,2022,4,MAX,350
863,DOG,2022,5,COCO,328
864,DOG,2022,6,LUCY,298
865,DOG,2022,7,MOLLY,293
866,DOG,2022,8,DAISY,292
867,DOG,2022,9,MILO,287
868,DOG,2022,10,BAILEY,277
869,DOG,2022,11,LOLA,254
870,DOG,2022,12,BUDDY,247
871,DOG,2022,13,COOPER,228
872,DOG,2022,14,ROSIE,217
873,DOG,2022,15,ROCKY,216
874,DOG,2022,16,TEDDY,215
875,DOG,2022,17,MAGGIE,213
876,DOG,2022,18,RUBY,209
877,DOG,2022,19,TOBY,206
878,DOG,2022,20,STELLA,199
879,DOG,2022,21,PENNY,195
880,DOG,2022,22,LILY,188
881,DOG,2022,23,LEO,181
882,DOG,2022,24,RILEY,169
883,DOG,2022,25,CHLOE,163
884,DOG,2022,26,HARLEY,153
885,DOG,2022,27,LUCKY,152
886,DOG,2022,28,ARCHIE,151
887,DOG,2022,29,OSCAR,150
888,DOG,2022,30,MURPHY,144
889,DOG,2022,31,JACK,143
890,DOG,2022,32,SOPHIE,143
891,DOG,2022,33,JASPER,142
892,DOG,2022,34,WILLOW,139
893,DOG,2022,35,SADIE,137
894,DOG,2022,36,PEPPER,134
895,DOG,2022,37,OLLIE,133
896,DOG,2022,38,FRANKIE,132
897,DOG,2022,39,PIPER,130
898,DOG,2022,40,ROXY,127
899,DOG,2022,41,LOKI,124
900,DOG,2022,42,POPPY,122
901,DOG,2022,43,MAYA,121
902,DOG,2022,44,ELLIE,120
903,DOG,2022,45,OLIVER,117
904,DOG,2022,46,TUCKER,117
905,DOG,2022,47,WINSTON,117
906,DOG,2022,48,FINN,116
907,DOG,2022,49,MILLIE,116
908,DOG,2022,50,ABBY,115
909,DOG,2022,51,BEAR,115
910,DOG,2022,52,HENRY,113
911,DOG,2022,53,BENTLEY,110
912,DOG,2022,54,ZOE,107
913,DOG,2022,55,DEXTER,106
914,CAT,2022,153,BONNIE,14
915,CAT,2022,154,BOWIE,14
916,CAT,2022,155,BRUCE,14
917,CAT,2022,156,CALVIN,14
918,CAT,2022,157,CASPER,14
919,CAT,2022,158,CLEMENTINE,14
920,CAT,2022,159,CLYDE,14
921,CAT,2022,160,CRICKET,14
922,CAT,2022,161,EARL,14
923,CAT,2022,162,ELLIE,14
924,CAT,2022,163,FINN,14
925,CAT,2022,164,FINNEGAN,14
926,CAT,2022,165,IZZY,14
927,CAT,2022,166,JERRY,14
928,CAT,2022,167,MINOU,14
929,CAT,2022,168,MISHA,14
930,CAT,2022,169,PIXIE,14
931,CAT,2022,170,SKY,14
932,CAT,2022,171,SPARKY,14
933,CAT,2022,172,SUNNY,14
934,CAT,2022,173,TABITHA,14
935,CAT,2022,174,VIOLET,14
936,CAT,2022,175,WINNIE,14
937,CAT,2022,176,BARNEY,13
938,CAT,2022,177,BOBBY,13
939,CAT,2022,178,BUTTERCUP,13
940,CAT,2022,179,CHICO,13
941,CAT,2022,180,CINNAMON,13
942,CAT,2022,181,COSMO,13
943,CAT,2022,182,ELLA,13
944,CAT,2022,183,HUNTER,13
945,CAT,2022,184,IRIS,13
946,CAT,2022,185,JUNIPER,13
947,CAT,2022,186,LACEY,13
948,CAT,2022,187,LOUIE,13
949,CAT,2022,188,MAPLE,13
950,CAT,2022,189,MIKA,13
951,CAT,2022,190,RASCAL,13
952,CAT,2022,191,RILEY,13
953,CAT,2022,192,SOCKS,13
954,CAT,2022,193,TIA,13
955,CAT,2022,194,TIMMY,13
956,CAT,2022,195,TINA,13
957,CAT,2022,196,ANGUS,12
958,CAT,2022,197,BATMAN,12
959,CAT,2022,198,BAXTER,12
960,CAT,2022,199,BENJAMIN,12
961,CAT,2022,200,CHASE,12
962,DOG,2022,68,GINGER,91
963,DOG,2022,69,SIMBA,91
964,DOG,2022,70,ZOEY,91
965,DOG,2022,71,LEXI,88
966,DOG,2022,72,FINNEGAN,86
967,DOG,2022,73,JAKE,86
968,DOG,2022,74,LULU,86
969,DOG,2022,75,SCOUT,86
970,DOG,2022,76,HUDSON,85
971,DOG,2022,77,NALA,85
972,DOG,2022,78,TYSON,85
973,DOG,2022,79,BENJI,84
974,DOG,2022,80,COOKIE,84
975,DOG,2022,81,OLIVE,84
976,DOG,2022,82,BLUE,83
977,DOG,2022,83,HUNTER,80
978,DOG,2022,84,CODY,76
979,DOG,2022,85,GEORGE,76
980,DOG,2022,86,KOBE,76
981,DOG,2022,87,PRINCE,76
982,DOG,2022,88,JUNO,75
983,DOG,2022,89,HAZEL,73
984,DOG,2022,90,JACKSON,73
985,DOG,2022,91,REX,73
986,DOG,2022,92,SASHA,73
987,DOG,2022,93,SUNNY,73
988,DOG,2022,94,HUGO,72
989,DOG,2022,95,CHESTER,71
990,DOG,2022,96,SAM,71
991,DOG,2022,97,OTIS,70
992,DOG,2022,98,CHICO,69
993,DOG,2022,99,PHOEBE,69
994,DOG,2022,100,SAMMY,67
995,DOG,2022,101,BOWIE,66
996,DOG,2022,102,ELLA,66
997,DOG,2022,103,EMMA,66
998,DOG,2022,104,OZZY,65
999,DOG,2022,105,PRINCESS,65
1000,DOG,2022,106,ANGEL,64
1001,DOG,2022,107,JAX,64
1002,DOG,2022,108,MONTY,64
1003,DOG,2022,109,ZIGGY,64
1004,DOG,2022,110,GUS,63
1005,DOG,2022,111,HANK,63
1006,DOG,2022,112,BEAU,62
1007,DOG,2022,113,HONEY,62
1008,DOG,2022,114,MAPLE,62
1009,DOG,2022,115,REMY,62
1010,DOG,2022,116,THEO,62
1011,DOG,2022,117,ACE,61
1012,DOG,2022,118,BENNY,61
1013,DOG,2022,119,CLEO,60
1014,DOG,2022,120,MOOSE,60
1015,DOG,2022,121,KODA,59
1016,DOG,2022,122,SKYE,58
1017,DOG,2022,123,RUFUS,57
1018,DOG,2022,124,BUSTER,56
1019,DOG,2022,125,REGGIE,56
1020,DOG,2022,126,RUSTY,56
1021,DOG,2022,127,LOUIS,55
1022,DOG,2022,128,ODIN,55
1023,DOG,2022,129,IVY,54
1024,DOG,2022,130,RUDY,54
1025,DOG,2022,131,BAXTER,53
1026,DOG,2022,132,MICKEY,53
1027,DOG,2022,133,DIESEL,52
1028,DOG,2022,134,EDDIE,52
1029,DOG,2022,135,ALFIE,51
1030,DOG,2022,136,PEANUT,51
1031,DOG,2022,137,CHEWIE,50
1032,DOG,2022,138,LILLY,50
1033,DOG,2022,139,APOLLO,49
1034,DOG,2022,140,HOLLY,49
1035,DOG,2022,141,ANNIE,48
1036,DOG,2022,142,FREDDIE,48
1037,DOG,2022,143,GIGI,48
1038,DOG,2022,144,WHISKEY,48
1039,DOG,2022,145,ARLO,47
1040,DOG,2022,146,CALI,47
1041,DOG,2022,147,GIZMO,47
1042,DOG,2022,148,MAISIE,47
1043,DOG,2022,149,SPARKY,47
1044,DOG,2022,150,THOR,47
1045,DOG,2022,151,CHASE,46
1046,DOG,2022,152,NOVA,46
1047,DOG,2022,153,PARKER,46
1048,DOG,2022,154,RORY,46
1049,DOG,2022,155,SNOOPY,46
1050,DOG,2022,156,STANLEY,46
1051,DOG,2022,157,NINA,45
1052,DOG,2022,158,ROMEO,45
1053,DOG,2022,159,BO,44
1054,DOG,2022,160,COSMO,44
1055,DOG,2022,161,GEORGIE,44
1056,DOG,2022,162,HEIDI,44
1057,DOG,2022,163,LADY,44
1058,DOG,2022,164,LAYLA,43
1059,DOG,2022,165,RIO,43
1060,DOG,2022,166,ANGUS,42
1061,DOG,2022,167,BRUCE,42
1062,DOG,2022,168,HARVEY,42
1063,DOG,2022,169,IZZY,42
1064,DOG,2022,170,KIKI,42
1065,DOG,2022,171,LUKE,42
1066,DOG,2021,154,JESSIE,47
1067,DOG,2021,155,OAKLEY,47
1068,DOG,2021,156,SHELBY,47
1069,DOG,2021,157,STANLEY,47
1070,DOG,2021,158,BARNEY,46
1071,DOG,2021,159,CHEWIE,46
1072,DOG,2021,160,GIGI,46
1073,DOG,2021,161,HEIDI,46
1074,DOG,2021,162,MOMO,46
1075,DOG,2021,163,NOVA,46
1076,DOG,2021,164,STORM,46
1077,DOG,2021,165,WHISKEY,46
1078,DOG,2021,166,ANGUS,45
1079,DOG,2021,167,APOLLO,45
1080,DOG,2021,168,GEORGIA,45
1081,DOG,2021,169,HERSHEY,45
1082,DOG,2021,170,MAISIE,45
1083,DOG,2021,171,RIVER,45
1084,DOG,2021,172,SANDY,45
1085,DOG,2021,173,BELLE,44
1086,DOG,2021,174,PIPPA,44
1087,DOG,2021,175,SNOOPY,44
1088,DOG,2021,176,BANDIT,43
1089,DOG,2021,177,CASPER,43
1090,DOG,2021,178,CHEWY,43
1091,DOG,2021,179,COSMO,43
1092,DOG,2021,180,FREDDIE,43
1093,DOG,2021,181,GUINNESS,43
1094,DOG,2021,182,HAPPY,43
1095,DOG,2021,183,HARVEY,43
1096,DOG,2021,184,INDY,43
1097,DOG,2021,185,KIKI,43
1098,DOG,2021,186,KONA,43
1099,DOG,2021,187,RORY,43
1100,DOG,2021,188,BEN,42
1101,DOG,2021,189,BONNIE,42
1102,DOG,2021,190,CHARLOTTE,42
1103,DOG,2021,191,CLOVER,42
1104,DOG,2021,192,DAKOTA,42
1105,DOG,2021,193,HARRY,42
1106,DOG,2021,194,LOGAN,42
1107,DOG,2021,195,ROCCO,42
1108,DOG,2021,196,WALTER,42
1109,DOG,2021,197,GEORGIE,41
1110,DOG,2021,198,MADDIE,41
1111,DOG,2021,199,MILA,41
1112,DOG,2021,200,RIO,41
1113,DOG,2023,1,LUNA,508
1114,DOG,2023,2,CHARLIE,494
1115,DOG,2023,3,BELLA,377
1116,DOG,2023,4,COCO,325
1117,DOG,2023,5,MAX,309
1118,DOG,2023,6,DAISY,289
1119,DOG,2023,7,MILO,286
1120,DOG,2023,8,MOLLY,284
1121,DOG,2023,9,BAILEY,254
1122,DOG,2023,10,LUCY,247
1123,DOG,2023,11,LOLA,225
1124,DOG,2023,12,BUDDY,218
1125,DOG,2023,13,COOPER,212
1126,DOG,2023,14,ROSIE,212
1127,DOG,2023,15,ROCKY,208
1128,DOG,2023,16,MAGGIE,206
1129,DOG,2023,17,TEDDY,203
1130,DOG,2023,18,TOBY,203
1131,DOG,2023,19,PENNY,201
1132,DOG,2023,20,LEO,200
1133,DOG,2023,21,RUBY,196
1134,DOG,2023,22,RILEY,180
1135,DOG,2023,23,STELLA,178
1136,DOG,2023,24,LILY,176
1137,DOG,2023,25,WILLOW,153
1138,DOG,2023,26,OSCAR,149
1139,DOG,2023,27,HARLEY,148
1140,DOG,2023,28,ARCHIE,146
1141,DOG,2023,29,CHLOE,140
1142,DOG,2023,30,MURPHY,138
1143,DOG,2023,31,SADIE,138
1144,DOG,2023,32,JACK,137
1145,DOG,2023,33,BEAR,135
1146,DOG,2023,34,OLLIE,134
1147,DOG,2023,35,JASPER,130
1148,DOG,2023,36,LOKI,130
1149,DOG,2023,37,WINNIE,128
1150,DOG,2023,38,SOPHIE,127
1151,DOG,2023,39,LUCKY,126
1152,DOG,2023,40,PEPPER,124
1153,DOG,2023,41,POPPY,123
1154,DOG,2023,42,ROXY,120
1155,DOG,2023,43,FRANKIE,118
1156,DOG,2023,44,PIPER,115
1157,DOG,2023,45,WINSTON,115
1158,DOG,2023,46,MIA,113
1159,DOG,2023,47,ZOE,113
1160,DOG,2023,48,DUKE,112
1161,DOG,2023,49,FINN,112
1162,DOG,2023,50,OLIVER,111
1163,DOG,2023,51,MILLIE,109
1164,DOG,2023,52,MAYA,107
1165,DOG,2023,53,TUCKER,106
1166,DOG,2023,54,NALA,103
1167,DOG,2023,55,JOEY,100
1168,DOG,2023,56,BENTLEY,98
1169,DOG,2023,57,ELLIE,98
1170,DOG,2023,58,SIMBA,98
1171,DOG,2023,59,GRACIE,97
1172,DOG,2023,60,BRUNO,96
1173,DOG,2023,61,SHADOW,96
1174,DOG,2023,62,ZEUS,96
1175,DOG,2023,63,ZOEY,95
1176,DOG,2023,64,HENRY,94
1177,DOG,2023,65,BENJI,93
1178,DOG,2023,66,LOUIE,90
1179,DOG,2023,67,SCOUT,90
1180,DOG,2023,68,ABBY,89
1181,DOG,2023,69,MARLEY,89
1182,DOG,2023,70,MOCHA,87
1183,DOG,2023,71,COOKIE,86
1184,DOG,2023,72,DEXTER,86
1185,DOG,2023,73,GINGER,83
1186,DOG,2023,74,LEXI,83
1187,DOG,2023,75,OLIVE,83
1188,DOG,2023,76,LULU,82
1189,DOG,2023,77,JUNO,80
1190,DOG,2023,78,BLUE,78
1191,DOG,2023,79,KOBE,77
1192,DOG,2023,80,HUDSON,75
1193,DOG,2023,81,OREO,75
1194,DOG,2023,82,GEORGE,73
1195,DOG,2023,83,HUNTER,73
1196,DOG,2023,84,TYSON,73
1197,DOG,2023,85,FINNEGAN,72
1198,DOG,2023,86,SUNNY,72
1199,DOG,2023,87,BEAU,71
1200,DOG,2023,88,PHOEBE,71
1201,DOG,2023,89,OTIS,70
1202,DOG,2023,90,REX,70
1203,DOG,2023,91,HAZEL,69
1204,DOG,2023,92,SKYE,69
1205,DOG,2023,93,THEO,69
1206,DOG,2023,94,CODY,68
1207,DOG,2023,95,EMMA,68
1208,DOG,2023,96,ELLA,67
1209,DOG,2023,97,JAKE,67
1210,DOG,2023,98,MAPLE,67
1211,DOG,2023,99,BOWIE,66
1212,DOG,2023,100,JACKSON,65
1213,DOG,2023,101,JAX,65
1214,DOG,2023,102,SAM,65
1215,DOG,2023,103,ACE,64
1216,DOG,2023,104,HANK,64
1217,DOG,2023,105,OZZY,64
1218,DOG,2022,172,OAKLEY,42
1219,DOG,2022,173,RIPLEY,42
1220,DOG,2022,174,SKY,42
1221,DOG,2022,175,BEN,41
1222,DOG,2022,176,GEORGIA,41
1223,DOG,2022,177,JESSIE,41
1224,DOG,2022,178,KAI,41
1225,DOG,2022,179,MABEL,41
1226,DOG,2022,180,SANDY,41
1227,DOG,2022,181,CLOVER,40
1228,DOG,2022,182,MISSY,40
1229,DOG,2022,183,MOMO,40
1230,DOG,2022,184,WALTER,40
1231,DOG,2022,185,BANDIT,39
1232,DOG,2022,186,BETTY,39
1233,DOG,2022,187,CASEY,39
1234,DOG,2022,188,CHARLOTTE,39
1235,DOG,2022,189,MIKA,39
1236,DOG,2022,190,PIPPA,39
1237,DOG,2022,191,RIVER,39
1238,DOG,2022,192,INDY,38
1239,DOG,2022,193,MILA,38
1240,DOG,2022,194,ROCCO,38
1241,DOG,2022,195,SHELBY,38
1242,DOG,2022,196,BONNIE,37
1243,DOG,2022,197,HAPPY,37
1244,DOG,2022,198,KONA,37
1245,DOG,2022,199,LOGAN,37
1246,DOG,2022,200,ROXIE,37
1247,CAT,2023,1,LUNA,157
1248,CAT,2023,2,CHARLIE,99
1249,CAT,2023,3,SHADOW,98
1250,CAT,2023,4,BELLA,92
1251,CAT,2023,5,LEO,86
1252,CAT,2023,6,LUCY,81
1253,CAT,2023,7,SIMBA,71
1254,CAT,2023,8,LILY,68
1255,CAT,2023,9,MAX,67
1256,CAT,2023,10,COCO,61
1257,CAT,2023,11,OLIVER,59
1258,CAT,2023,12,SMOKEY,58
1259,CAT,2023,13,MILO,57
1260,CAT,2023,14,PEPPER,57
1261,CAT,2023,15,MOLLY,56
1262,CAT,2023,16,LUCKY,55
1263,CAT,2023,17,GINGER,53
1264,CAT,2023,18,TIGER,52
1265,CAT,2023,19,DAISY,51
1266,CAT,2023,20,JACK,51
1267,CAT,2023,21,CHLOE,49
1268,CAT,2023,22,PUMPKIN,49
1269,CAT,2023,23,KITTY,48
1270,CAT,2023,24,BUDDY,47
1271,CAT,2023,25,OREO,47
1272,CAT,2023,26,MIA,46
1273,CAT,2023,27,ROSIE,45
1274,CAT,2023,28,CLEO,44
1275,CAT,2023,29,LOLA,43
1276,CAT,2023,30,FELIX,42
1277,CAT,2023,31,PRINCESS,42
1278,CAT,2023,32,SAM,42
1279,CAT,2023,33,STELLA,41
1280,CAT,2023,34,FLUFFY,40
1281,CAT,2023,35,NALA,38
1282,CAT,2023,36,OSCAR,38
1283,CAT,2023,37,BABY,37
1284,CAT,2023,38,MISTY,37
1285,CAT,2023,39,LOKI,36
1286,CAT,2023,40,GRACIE,35
1287,CAT,2023,41,WILLOW,35
1288,CAT,2023,42,GEORGE,33
1289,CAT,2023,43,MIMI,33
1290,CAT,2023,44,SIMON,33
1291,CAT,2023,45,TOMMY,33
1292,CAT,2023,46,LULU,32
1293,CAT,2023,47,SALEM,32
1294,CAT,2023,48,SOPHIE,32
1295,CAT,2023,49,COOKIE,31
1296,CAT,2023,50,RUBY,31
1297,CAT,2023,51,MIDNIGHT,30
1298,CAT,2023,52,ANGEL,29
1299,CAT,2023,53,CALLIE,29
1300,CAT,2023,54,KIKI,29
1301,CAT,2023,55,MAGGIE,29
1302,CAT,2023,56,MINNIE,29
1303,CAT,2023,57,SADIE,29
1304,CAT,2023,58,TIGGER,29
1305,CAT,2023,59,BLUE,28
1306,CAT,2023,60,JASPER,28
1307,CAT,2023,61,MISSY,28
1308,CAT,2023,62,OLLIE,28
1309,CAT,2023,63,PENNY,28
1310,CAT,2023,64,OLIVE,27
1311,CAT,2023,65,TEDDY,27
1312,CAT,2023,66,ARCHIE,26
1313,CAT,2023,67,MOCHA,25
1314,CAT,2023,68,PENELOPE,25
1315,CAT,2023,69,SASHA,25
1316,CAT,2023,70,SMUDGE,25
1317,CAT,2023,71,BOOTS,24
1318,CAT,2023,72,HENRY,24
1319,CAT,2023,73,JOEY,24
1320,CAT,2023,74,MANGO,24
1321,CAT,2023,75,MILLIE,24
1322,CAT,2023,76,MITTENS,24
1323,CAT,2023,77,PATCHES,24
1324,CAT,2023,78,EMMA,23
1325,CAT,2023,79,LILLY,23
1326,CAT,2023,80,PIPER,23
1327,CAT,2023,81,POPPY,23
1328,CAT,2023,82,TOBY,23
1329,CAT,2023,83,WINNIE,23
1330,CAT,2023,84,WINSTON,23
1331,CAT,2023,85,KIWI,22
1332,CAT,2023,86,PEACHES,22
1333,CAT,2023,87,TOM,22
1334,CAT,2023,88,CHARLOTTE,21
1335,CAT,2023,89,CHESTER,21
1336,CAT,2023,90,DEXTER,21
1337,CAT,2023,91,FRANKIE,21
1338,CAT,2023,92,MUFFIN,21
1339,CAT,2023,93,ZIGGY,21
1340,CAT,2023,94,ABBY,20
1341,CAT,2023,95,BEAR,20
1342,CAT,2023,96,BOO,20
1343,CAT,2023,97,GIZMO,20
1344,CAT,2023,98,HOLLY,20
1345,CAT,2023,99,PEANUT,20
1346,CAT,2023,100,SUNNY,20
1347,CAT,2023,101,ZOE,20
1348,CAT,2023,102,CALI,19
1349,CAT,2023,103,ELLIE,19
1350,CAT,2023,104,JACKSON,19
1351,CAT,2023,105,MOCHI,19
1352,CAT,2023,106,PRINCE,19
1353,CAT,2023,107,STORM,19
1354,CAT,2023,108,ZOEY,19
1355,CAT,2023,109,BANDIT,18
1356,CAT,2023,110,CASPER,18
1357,CAT,2023,111,GIGI,18
1358,CAT,2023,112,HARRY,18
1359,CAT,2023,113,JERRY,18
1360,CAT,2023,114,MOMO,18
1361,CAT,2023,115,ONYX,18
1362,CAT,2023,116,PRECIOUS,18
1363,CAT,2023,117,SASSY,18
1364,CAT,2023,118,FINN,17
1365,CAT,2023,119,GARFIELD,17
1366,CAT,2023,120,PEBBLES,17
1367,CAT,2023,121,PIXIE,17
1368,CAT,2023,122,ROMEO,17
1369,CAT,2023,123,ROXY,17
1370,DOG,2020,154,BANDIT,42
1371,DOG,2020,155,BONNIE,42
1372,DOG,2020,156,GEORGIA,42
1373,DOG,2020,157,IVY,42
1374,DOG,2020,158,CHEWIE,41
1375,DOG,2020,159,HAPPY,41
1376,DOG,2020,160,MILA,41
1377,DOG,2020,161,ROMEO,41
1378,DOG,2020,162,ANGUS,40
1379,DOG,2020,163,ROCCO,40
1380,DOG,2020,164,RORY,40
1381,DOG,2020,165,BILLY,39
1382,DOG,2020,166,BOBBY,39
1383,DOG,2020,167,BOOMER,39
1384,DOG,2020,168,RIPLEY,39
1385,DOG,2020,169,STORM,39
1386,DOG,2020,170,BEN,38
1387,DOG,2020,171,BRODY,38
1388,DOG,2020,172,CALLIE,38
1389,DOG,2020,173,CHARLOTTE,38
1390,DOG,2020,174,CHEWY,38
1391,DOG,2020,175,HARRY,38
1392,DOG,2020,176,IZZY,38
1393,DOG,2020,177,LILLY,38
1394,DOG,2020,178,THOR,38
1395,DOG,2020,179,HERSHEY,37
1396,DOG,2020,180,INDY,37
1397,DOG,2020,181,KALI,37
1398,DOG,2020,182,KING,37
1399,DOG,2020,183,MIMI,37
1400,DOG,2020,184,MINNIE,37
1401,DOG,2020,185,SALLY,37
1402,DOG,2020,186,KIKI,36
1403,DOG,2020,187,KONA,36
1404,DOG,2020,188,ROSCOE,36
1405,DOG,2020,189,SUMMER,36
1406,DOG,2020,190,APOLLO,35
1407,DOG,2020,191,BARNEY,35
1408,DOG,2020,192,CHELSEA,35
1409,DOG,2020,193,JUNIOR,35
1410,DOG,2020,194,OAKLEY,35
1411,DOG,2020,195,WHISKEY,35
1412,DOG,2020,196,BRANDY,34
1413,DOG,2020,197,CASPER,34
1414,DOG,2020,198,DAKOTA,34
1415,DOG,2020,199,DARCY,34
1416,DOG,2020,200,GEORGIE,34
1417,CAT,2023,189,KATIE,13
1418,CAT,2023,190,LEIA,13
1419,CAT,2023,191,PARKER,13
1420,CAT,2023,192,PICKLES,13
1421,CAT,2023,193,RUPERT,13
1422,CAT,2023,194,SOCKS,13
1423,CAT,2023,195,STAR,13
1424,CAT,2023,196,THEO,13
1425,CAT,2023,197,TIA,13
1426,CAT,2023,198,ALFIE,12
1427,CAT,2023,199,ANNIE,12
1428,CAT,2023,200,BAXTER,12
1429,CAT,2024,1,LUNA,158
1430,CAT,2024,2,CHARLIE,91
1431,CAT,2024,3,LEO,87
1432,CAT,2024,4,MILO,85
1433,CAT,2024,5,SHADOW,76
1434,CAT,2024,6,LUCY,73
1435,CAT,2024,7,LILY,70
1436,CAT,2024,8,SIMBA,67
1437,CAT,2024,9,BELLA,65
1438,CAT,2024,10,DAISY,59
1439,CAT,2024,11,CHLOE,58
1440,CAT,2024,12,OLIVER,58
1441,CAT,2024,13,PEPPER,58
1442,CAT,2024,14,MAX,57
1443,CAT,2024,15,COCO,53
1444,CAT,2024,16,TIGER,52
1445,CAT,2024,17,GINGER,49
1446,CAT,2024,18,OREO,49
1447,CAT,2024,19,CLEO,48
1448,CAT,2024,20,JACK,48
1449,CAT,2024,21,NALA,47
1450,CAT,2024,22,ROSIE,46
1451,CAT,2024,23,LOKI,45
1452,CAT,2024,24,MOLLY,45
1453,CAT,2024,25,SMOKEY,45
1454,CAT,2024,26,LUCKY,44
1455,CAT,2024,27,PRINCESS,43
1456,CAT,2024,28,PUMPKIN,43
1457,CAT,2024,29,MIA,42
1458,CAT,2024,30,BUDDY,41
1459,CAT,2024,31,STELLA,41
1460,CAT,2024,32,FELIX,40
1461,CAT,2024,33,FLUFFY,40
1462,CAT,2024,34,KITTY,39
1463,CAT,2024,35,JASPER,38
1464,CAT,2024,36,LOLA,38
1465,CAT,2024,37,WILLOW,38
1466,CAT,2024,38,MISTY,36
1467,CAT,2024,39,OSCAR,36
1468,CAT,2024,40,SALEM,36
1469,CAT,2024,41,BABY,35
1470,CAT,2024,42,GEORGE,34
1471,CAT,2024,43,SAM,34
1472,CAT,2024,44,GRACIE,33
1473,CAT,2024,45,LULU,32
1474,CAT,2024,46,MIMI,32
1475,CAT,2024,47,MINNIE,32
1476,CAT,2024,48,POPPY,32
1477,CAT,2024,49,SIMON,32
1478,CAT,2024,50,BOOTS,31
1479,CAT,2024,51,COOKIE,31
1480,CAT,2024,52,SOPHIE,31
1481,CAT,2024,53,MISSY,29
1482,CAT,2024,54,OLLIE,29
1483,CAT,2024,55,TIGGER,29
1484,CAT,2024,56,ANGEL,28
1485,CAT,2024,57,CALLIE,28
1486,CAT,2024,58,KIWI,28
1487,CAT,2024,59,MIDNIGHT,28
1488,CAT,2024,60,MITTENS,28
1489,CAT,2024,61,PENELOPE,28
1490,CAT,2024,62,PENNY,28
1491,CAT,2024,63,TOMMY,28
1492,CAT,2024,64,KIKI,27
1493,CAT,2024,65,RUBY,27
1494,CAT,2024,66,TOBY,27
1495,CAT,2024,67,BLUE,25
1496,CAT,2024,68,MOCHA,25
1497,CAT,2024,69,PATCHES,25
1498,CAT,2024,70,BOO,24
1499,CAT,2024,71,MAGGIE,24
1500,CAT,2024,72,MILLIE,24
1501,CAT,2024,73,MOMO,24
1502,CAT,2024,74,TEDDY,24
1503,CAT,2024,75,GIGI,23
1504,CAT,2024,76,MANGO,23
1505,CAT,2024,77,SADIE,23
1506,CAT,2024,78,WINSTON,23
1507,CAT,2024,79,ABBY,22
1508,CAT,2024,80,ARCHIE,22
1509,CAT,2024,81,BEAR,22
1510,CAT,2024,82,LOUIE,22
1511,CAT,2024,83,CASPER,21
1512,CAT,2024,84,ELLIE,21
1513,CAT,2024,85,FRANKIE,21
1514,CAT,2024,86,HARRY,21
1515,CAT,2024,87,JOEY,21
1516,CAT,2024,88,SAMMY,21
1517,CAT,2024,89,SASHA,21
1518,CAT,2024,90,SMUDGE,21
1519,CAT,2024,91,ZIGGY,21
1520,CAT,2024,92,ATHENA,20
1521,CAT,2024,93,PIPER,20
1522,CAT,2023,124,SAMMY,17
1523,CAT,2023,125,SUSHI,17
1524,CAT,2023,126,ZEUS,17
1525,CAT,2023,127,ARTEMIS,16
1526,CAT,2023,128,ASH,16
1527,CAT,2023,129,ATHENA,16
1528,CAT,2023,130,BOWIE,16
1529,CAT,2023,131,BUSTER,16
1530,CAT,2023,132,FRED,16
1531,CAT,2023,133,FREYA,16
1532,CAT,2023,134,HAZEL,16
1533,CAT,2023,135,HUNTER,16
1534,CAT,2023,136,IVY,16
1535,CAT,2023,137,JUNIPER,16
1536,CAT,2023,138,LADY,16
1537,CAT,2023,139,LOUIE,16
1538,CAT,2023,140,NO NAME,16
1539,CAT,2023,141,OZZY,16
1540,CAT,2023,142,PEARL,16
1541,CAT,2023,143,ROCKY,16
1542,CAT,2023,144,SABRINA,16
1543,CAT,2023,145,SALLY,16
1544,CAT,2023,146,SYLVESTER,16
1545,CAT,2023,147,VIOLET,16
1546,CAT,2023,148,ALICE,15
1547,CAT,2023,149,BAILEY,15
1548,CAT,2023,150,GUS,15
1549,CAT,2023,151,HONEY,15
1550,CAT,2023,152,MARLEY,15
1551,CAT,2023,153,MAYA,15
1552,CAT,2023,154,MICKEY,15
1553,CAT,2023,155,MISO,15
1554,CAT,2023,156,MONTY,15
1555,CAT,2023,157,PHOEBE,15
1556,CAT,2023,158,RAVEN,15
1557,CAT,2023,159,RUSTY,15
1558,CAT,2023,160,SILVER,15
1559,CAT,2023,161,TINA,15
1560,CAT,2023,162,AUTUMN,14
1561,CAT,2023,163,BONNIE,14
1562,CAT,2023,164,BRUCE,14
1563,CAT,2023,165,DUSTY,14
1564,CAT,2023,166,FINNEGAN,14
1565,CAT,2023,167,LEXI,14
1566,CAT,2023,168,MERLIN,14
1567,CAT,2023,169,MILA,14
1568,CAT,2023,170,PANDA,14
1569,CAT,2023,171,ROSE,14
1570,CAT,2023,172,SEBASTIAN,14
1571,CAT,2023,173,SKY,14
1572,CAT,2023,174,SPARKY,14
1573,CAT,2023,175,WHISKEY,14
1574,CAT,2023,176,AMBER,13
1575,CAT,2023,177,BASIL,13
1576,CAT,2023,178,BATMAN,13
1577,CAT,2023,179,BILLY,13
1578,CAT,2023,180,BLACKIE,13
1579,CAT,2023,181,BOB,13
1580,CAT,2023,182,BRUNO,13
1581,CAT,2023,183,CINNAMON,13
1582,CAT,2023,184,CLEMENTINE,13
1583,CAT,2023,185,CRICKET,13
1584,CAT,2023,186,EDDIE,13
1585,CAT,2023,187,ELLA,13
1586,CAT,2023,188,JAKE,13
1587,DOG,2024,1,LUNA,518
1588,DOG,2024,2,CHARLIE,488
1589,DOG,2024,3,BELLA,391
1590,DOG,2024,4,COCO,332
1591,DOG,2024,5,MAX,306
1592,DOG,2024,6,MILO,299
1593,DOG,2024,7,DAISY,282
1594,DOG,2024,8,MOLLY,270
1595,DOG,2024,9,LUCY,258
1596,DOG,2024,10,BAILEY,246
1597,DOG,2024,11,TEDDY,234
1598,DOG,2024,12,LOLA,220
1599,DOG,2024,13,COOPER,216
1600,DOG,2024,14,ROCKY,216
1601,DOG,2024,15,LEO,215
1602,DOG,2024,16,ROSIE,214
1603,DOG,2024,17,MAGGIE,201
1604,DOG,2024,18,PENNY,191
1605,DOG,2024,19,BUDDY,190
1606,DOG,2024,20,RUBY,187
1607,DOG,2024,21,TOBY,180
1608,DOG,2024,22,LILY,176
1609,DOG,2024,23,STELLA,172
1610,DOG,2024,24,ARCHIE,166
1611,DOG,2024,25,RILEY,159
1612,DOG,2024,26,WILLOW,156
1613,DOG,2024,27,CHLOE,140
1614,DOG,2024,28,MURPHY,140
1615,DOG,2024,29,BEAR,139
1616,DOG,2024,30,OLLIE,136
1617,DOG,2024,31,LUCKY,135
1618,DOG,2024,32,HARLEY,133
1619,DOG,2024,33,OSCAR,133
1620,DOG,2024,34,POPPY,129
1621,DOG,2024,35,JACK,126
1622,DOG,2024,36,LOKI,126
1623,DOG,2024,37,PIPER,123
1624,DOG,2024,38,SADIE,123
1625,DOG,2024,39,WINNIE,122
1626,DOG,2024,40,JASPER,121
1627,DOG,2024,41,FRANKIE,120
1628,DOG,2024,42,SOPHIE,120
1629,DOG,2024,43,MAYA,118
1630,DOG,2024,44,PEPPER,118
1631,DOG,2024,45,MILLIE,112
1632,DOG,2024,46,FINN,111
1633,DOG,2024,47,MIA,111
1634,DOG,2024,48,OLIVER,111
1635,DOG,2024,49,TUCKER,107
1636,DOG,2024,50,ZOE,107
1637,DOG,2024,51,DUKE,106
1638,DOG,2024,52,ELLIE,104
1639,DOG,2024,53,ROXY,104
1640,DOG,2024,54,NALA,103
1641,DOG,2024,55,WINSTON,102
1642,DOG,2024,56,COOKIE,101
1643,DOG,2024,57,SHADOW,101
1644,DOG,2024,58,ZEUS,101
1645,DOG,2024,59,BENTLEY,99
1646,DOG,2024,60,HENRY,96
1647,DOG,2024,61,GRACIE,94
1648,DOG,2024,62,SIMBA,94
1649,DOG,2024,63,OREO,93
1650,DOG,2024,64,MOCHA,92
1651,DOG,2024,65,ZOEY,91
1652,DOG,2024,66,BLUE,90
1653,DOG,2024,67,OLIVE,90
1654,DOG,2024,68,LEXI,89
1655,DOG,2024,69,PHOEBE,89
1656,DOG,2024,70,JUNO,88
1657,DOG,2024,71,HAZEL,87
1658,DOG,2024,72,BRUNO,86
1659,DOG,2024,73,LOUIE,86
1660,DOG,2024,74,SCOUT,85
1661,DOG,2024,75,LULU,84
1662,DOG,2024,76,MAPLE,84
1663,DOG,2024,77,MARLEY,83
1664,DOG,2024,78,GINGER,82
1665,DOG,2024,79,ABBY,81
1666,DOG,2024,80,JOEY,81
1667,DOG,2024,81,SUNNY,81
1668,DOG,2024,82,BENJI,78
1669,DOG,2024,83,ELLA,78
1670,DOG,2024,84,GUS,78
1671,DOG,2024,85,KOBE,78
1672,DOG,2024,86,GEORGE,77
1673,DOG,2024,87,JAX,77
1674,DOG,2024,88,HUDSON,75
1675,DOG,2024,89,ACE,74
1676,DOG,2024,90,BEAU,74
1677,DOG,2024,91,MOOSE,71
1678,DOG,2024,92,OZZY,71
1679,DOG,2024,93,TYSON,71
1680,DOG,2024,94,HUNTER,70
1681,DOG,2024,95,KODA,70
1682,DOG,2024,96,SKYE,69
1683,DOG,2024,97,BOWIE,68
1684,DOG,2024,98,CODY,68
1685,DOG,2024,99,DEXTER,67
1686,DOG,2024,100,MOCHI,67
1687,DOG,2024,101,EMMA,66
1688,DOG,2024,102,HUGO,66
1689,DOG,2024,103,OTIS,66
1690,DOG,2024,104,ALFIE,65
1691,DOG,2024,105,ZIGGY,65
1692,DOG,2024,106,PRINCE,64
1693,DOG,2024,107,SASHA,64
1694,DOG,2024,108,HANK,63
1695,DOG,2024,109,THEO,63
1696,DOG,2024,110,IVY,62
1697,DOG,2024,111,REX,62
1698,DOG,2024,112,PRINCESS,61
1699,DOG,2024,113,CHESTER,60
1700,DOG,2024,114,HONEY,59
1701,DOG,2024,115,REGGIE,59
1702,DOG,2024,116,SAM,59
1703,DOG,2024,117,BENNY,58
1704,DOG,2024,118,CHICO,58
1705,DOG,2024,119,MONTY,58
1706,DOG,2024,120,RUFUS,58
1707,DOG,2024,121,ANGEL,57
1708,DOG,2024,122,FINNEGAN,57
1709,DOG,2024,123,JACKSON,57
1710,DOG,2024,124,PEANUT,57
1711,DOG,2024,125,CLEO,56
1712,DOG,2024,126,NOVA,56
1713,DOG,2024,127,SAMMY,56
1714,DOG,2024,128,ARLO,55
1715,DOG,2024,129,REMY,55
1716,DOG,2024,130,APOLLO,54
1717,DOG,2024,131,BUSTER,54
1718,DOG,2024,132,JAKE,54
1719,DOG,2024,133,RUSTY,54
1720,DOG,2024,134,FREDDIE,52
1721,DOG,2024,135,CALI,51
1722,DOG,2024,136,EDDIE,51
1723,DOG,2024,137,GIGI,51
1724,DOG,2024,138,MAISIE,51
1725,DOG,2024,139,MICKEY,51
1726,DOG,2024,140,OAKLEY,51
1727,DOG,2024,141,THOR,50
1728,DOG,2024,142,RUDY,49
1729,DOG,2024,143,WALTER,49
1730,DOG,2024,144,RIPLEY,48
1731,DOG,2024,145,WHISKEY,48
1732,DOG,2024,146,CHEWIE,47
1733,DOG,2024,147,LADY,47
1734,DOG,2024,148,MABEL,47
1735,DOG,2024,149,SNOOPY,47
1736,DOG,2024,150,BRUCE,46
1737,DOG,2024,151,KAI,46
1738,DOG,2024,152,STORM,46
1739,DOG,2024,153,ATHENA,45
1740,DOG,2024,154,CHASE,45
1741,DOG,2024,155,PIPPA,45
1742,DOG,2024,156,SKY,45
1743,DOG,2024,157,HARRY,44
1744,DOG,2024,158,IZZY,44
1745,DOG,2024,159,MILA,44
1746,DOG,2024,160,ODIN,44
1747,DOG,2024,161,ANNIE,43
1748,DOG,2024,162,BONNIE,43
1749,DOG,2024,163,COSMO,43
1750,DOG,2024,164,DIESEL,43
1751,DOG,2024,165,GEORGIE,43
1752,DOG,2024,166,LOUIS,43
1753,DOG,2024,167,MOMO,43
1754,DOG,2024,168,RIVER,43
1755,DOG,2024,169,ROCCO,43
1756,DOG,2024,170,BETTY,42
1757,DOG,2024,171,BO,42
1758,DOG,2024,172,LILLY,42
1759,DOG,2024,173,HOLLY,41
1760,DOG,2024,174,ROMEO,41
1761,DOG,2024,175,YUKI,41
1762,DOG,2024,176,CLOVER,40
1763,DOG,2024,177,RORY,40
1764,DOG,2024,178,SPARKY,40
1765,DOG,2024,179,ANGUS,39
1766,DOG,2024,180,CHEWY,39
1767,DOG,2024,181,GIZMO,39
1768,DOG,2024,182,KING,39
1769,DOG,2024,183,LAYLA,39
1770,DOG,2024,184,LOGAN,39
1771,DOG,2024,185,NINA,39
1772,DOG,2024,186,PARKER,39
1773,DOG,2024,187,RIO,39
1774,DOG,2024,188,BAXTER,38
1775,DOG,2024,189,HEIDI,38
1776,DOG,2024,190,MANGO,38
1777,DOG,2024,191,STANLEY,38
1778,DOG,2024,192,BANDIT,37
1779,DOG,2024,193,BEN,37
1780,DOG,2024,194,CASEY,37
1781,DOG,2024,195,ECHO,37
1782,DOG,2024,196,GEORGIA,37
1783,DOG,2024,197,INDY,37
1784,DOG,2024,198,DAKOTA,36
1785,DOG,2024,199,FINLEY,36
1786,DOG,2024,200,LEVI,36
1787,CAT,2025,1,LUNA,198
1788,CAT,2025,2,LEO,106
1789,CAT,2025,3,CHARLIE,95
1790,CAT,2025,4,BELLA,86
1791,CAT,2025,5,SHADOW,84
1792,CAT,2025,6,SIMBA,84
1793,CAT,2025,7,MILO,83
1794,CAT,2025,8,LILY,80
1795,CAT,2025,9,MAX,77
1796,CAT,2025,10,LUCY,72
1797,CAT,2025,11,DAISY,67
1798,CAT,2025,12,OREO,65
1799,CAT,2025,13,PEPPER,65
1800,CAT,2025,14,COCO,63
1801,CAT,2025,15,OLIVER,58
1802,CAT,2025,16,LOKI,56
1803,CAT,2025,17,SMOKEY,56
1804,CAT,2025,18,GINGER,55
1805,CAT,2025,19,LUCKY,54
1806,CAT,2025,20,TIGER,54
1807,CAT,2025,21,CHLOE,53
1808,CAT,2025,22,CLEO,53
1809,CAT,2025,23,NALA,52
1810,CAT,2025,24,PUMPKIN,52
1811,CAT,2025,25,MIA,50
1812,CAT,2025,26,MIMI,50
1813,CAT,2025,27,MISTY,50
1814,CAT,2025,28,MOLLY,50
1815,CAT,2025,29,FELIX,49
1816,CAT,2025,30,JACK,48
1817,CAT,2025,31,LOLA,46
1818,CAT,2025,32,OSCAR,46
1819,CAT,2025,33,WILLOW,44
1820,CAT,2025,34,TIGGER,42
1821,CAT,2025,35,COOKIE,40
1822,CAT,2025,36,PRINCESS,40
1823,CAT,2025,37,BUDDY,39
1824,CAT,2025,38,FLUFFY,38
1825,CAT,2025,39,KITTY,37
1826,CAT,2025,40,ROSIE,37
1827,CAT,2025,41,SALEM,36
1828,CAT,2025,42,SAM,36
1829,CAT,2025,43,STELLA,36
1830,CAT,2025,44,CALLIE,35
1831,CAT,2025,45,POPPY,35
1832,CAT,2025,46,TOMMY,35
1833,CAT,2025,47,BABY,34
1834,CAT,2025,48,GEORGE,34
1835,CAT,2025,49,JASPER,34
1836,CAT,2025,50,MIDNIGHT,34
1837,CAT,2025,51,SIMON,34
1838,CAT,2025,52,ANGEL,33
1839,CAT,2025,53,GRACIE,32
1840,CAT,2025,54,JOEY,32
1841,CAT,2025,55,LULU,32
1842,CAT,2025,56,MINNIE,32
1843,CAT,2025,57,SOPHIE,32
1844,CAT,2025,58,KIWI,31
1845,CAT,2025,59,MOCHI,31
1846,CAT,2025,60,OLLIE,31
1847,CAT,2025,61,PENELOPE,31
1848,CAT,2025,62,TOBY,31
1849,CAT,2025,63,MISSY,30
1850,CAT,2025,64,PENNY,30
1851,CAT,2025,65,BEAR,29
1852,CAT,2025,66,BLUE,29
1853,CAT,2025,67,RUBY,29
1854,CAT,2025,68,MILLIE,28
1855,CAT,2025,69,TEDDY,28
1856,CAT,2025,70,BOOTS,27
1857,CAT,2025,71,MOMO,27
1858,CAT,2025,72,HARRY,26
1859,CAT,2025,73,MAGGIE,26
1860,CAT,2025,74,MOCHA,26
1861,CAT,2025,75,SADIE,26
1862,CAT,2025,76,SMUDGE,26
1863,CAT,2025,77,ASH,25
1864,CAT,2025,78,BOO,25
1865,CAT,2025,79,FRANKIE,25
1866,CAT,2025,80,IVY,25
1867,CAT,2025,81,ONYX,25
1868,CAT,2025,82,FREYA,24
1869,CAT,2025,83,KIKI,24
1870,CAT,2025,84,MANGO,24
1871,CAT,2025,85,OLIVE,24
1872,CAT,2025,86,STORM,24
1873,CAT,2025,87,MAPLE,23
1874,CAT,2025,88,MUFFIN,23
1875,CAT,2025,89,SAMMY,23
1876,CAT,2025,90,ABBY,22
1877,CAT,2025,91,BISCUIT,22
1878,CAT,2025,92,DEXTER,22
1879,CAT,2025,93,FINN,22
1880,CAT,2025,94,PATCHES,22
1881,CAT,2025,95,PHOEBE,22
1882,CAT,2025,96,TOM,22
1883,CAT,2025,97,ARCHIE,21
1884,CAT,2025,98,ARTEMIS,21
1885,CAT,2025,99,BILLY,21
1886,CAT,2025,100,CALI,21
1887,CAT,2025,101,CASPER,21
1888,CAT,2025,102,CHARLOTTE,21
1889,CAT,2025,103,LOUIE,21
1890,CAT,2025,104,PEACHES,21
1891,CAT,2025,105,RAVEN,21
1892,CAT,2025,106,BRUCE,20
1893,CAT,2025,107,JERRY,20
1894,CAT,2025,108,MAYA,20
1895,CAT,2025,109,MISO,20
1896,CAT,2025,110,MITTENS,20
1897,CAT,2025,111,NOVA,20
1898,CAT,2025,112,PRINCE,20
1899,CAT,2025,113,WINSTON,20
1900,CAT,2025,114,ZIGGY,20
1901,CAT,2025,115,ZOE,20
1902,CAT,2025,116,BEAN,19
1903,CAT,2025,117,VIOLET,19
1904,CAT,2025,118,ATHENA,18
1905,CAT,2025,119,BAILEY,18
1906,CAT,2025,120,BOWIE,18
1907,CAT,2025,121,GIGI,18
1908,CAT,2025,122,GOOSE,18
1909,CAT,2025,123,HENRY,18
1910,CAT,2025,124,HOLLY,18
1911,CAT,2025,125,HONEY,18
1912,CAT,2025,126,LADY,18
1913,CAT,2025,127,MOUSE,18
1914,CAT,2025,128,PIPER,18
1915,CAT,2025,129,SYLVESTER,18
1916,CAT,2025,130,TRIXIE,18
1917,CAT,2025,131,ZOEY,18
1918,CAT,2025,132,AMBER,17
1919,CAT,2025,133,BUSTER,17
1920,CAT,2025,134,COSMO,17
1921,CAT,2025,135,ELLIE,17
1922,CAT,2025,136,GIZMO,17
1923,CAT,2025,137,HAZEL,17
1924,CAT,2025,138,PEANUT,17
1925,CAT,2025,139,PEBBLES,17
1926,CAT,2025,140,PIXIE,17
1927,CAT,2025,141,ROCKY,17
1928,CAT,2025,142,RUSTY,17
1929,CAT,2025,143,SUGAR,17
1930,CAT,2025,144,ANNIE,16
1931,CAT,2025,145,BINX,16
1932,CAT,2025,146,BOBBY,16
1933,CAT,2025,147,ELLA,16
1934,CAT,2025,148,EMMA,16
1935,CAT,2025,149,MISHA,16
1936,CAT,2025,150,MOON,16
1937,CAT,2025,151,ROSE,16
1938,CAT,2025,152,SASHA,16
1939,CAT,2025,153,YUKI,16
1940,CAT,2025,154,BANDIT,15
1941,CAT,2025,155,CHESTER,15
1942,CAT,2025,156,CINNAMON,15
1943,CAT,2025,157,CLEMENTINE,15
1944,CAT,2025,158,FRED,15
1945,CAT,2025,159,FREDDIE,15
1946,CAT,2025,160,GUS,15
1947,CAT,2025,161,JACKSON,15
1948,CAT,2025,162,JINX,15
1949,CAT,2025,163,OTIS,15
1950,CAT,2025,164,PRECIOUS,15
1951,CAT,2025,165,ROMEO,15
1952,CAT,2025,166,SCOUT,15
1953,CAT,2025,167,SNOW,15
1954,CAT,2025,168,SNOWFLAKE,15
1955,CAT,2025,169,STAR,15
1956,CAT,2025,170,STORMY,15
1957,CAT,2025,171,THEO,15
1958,CAT,2025,172,ALICE,14
1959,CAT,2025,173,BATMAN,14
1960,CAT,2025,174,BELLE,14
1961,CAT,2025,175,BENNY,14
1962,CAT,2025,176,BUBBLES,14
1963,CAT,2025,177,GARFIELD,14
1964,CAT,2025,178,HUGO,14
1965,CAT,2025,179,HUNTER,14
1966,CAT,2025,180,JOJO,14
1967,CAT,2025,181,JUNIPER,14
1968,CAT,2025,182,MONKEY,14
1969,CAT,2025,183,MONTY,14
1970,CAT,2025,184,NINJA,14
1971,CAT,2025,185,PEARL,14
1972,CAT,2025,186,PERCY,14
1973,CAT,2025,187,PICKLES,14
1974,CAT,2025,188,ROXY,14
1975,CAT,2025,189,SKY,14
1976,CAT,2025,190,STEVIE,14
1977,CAT,2025,191,SUNNY,14
1978,DOG,2023,106,PRINCE,64
1979,DOG,2023,107,GUS,63
1980,DOG,2023,108,HONEY,63
1981,DOG,2023,109,KODA,63
1982,DOG,2023,110,ZIGGY,63
1983,DOG,2023,111,CLEO,62
1984,DOG,2023,112,MONTY,62
1985,DOG,2023,113,SASHA,62
1986,DOG,2023,114,ANGEL,61
1987,DOG,2023,115,HUGO,60
1988,DOG,2023,116,BENNY,59
1989,DOG,2023,117,CHESTER,59
1990,DOG,2023,118,REGGIE,58
1991,DOG,2023,119,RUFUS,58
1992,DOG,2023,120,RUSTY,58
1993,DOG,2023,121,PRINCESS,57
1994,DOG,2023,122,SAMMY,57
1995,DOG,2023,123,DIESEL,56
1996,DOG,2023,124,MOCHI,56
1997,DOG,2023,125,MOOSE,56
1998,DOG,2023,126,ALFIE,55
1999,DOG,2023,127,BUSTER,55
2000,DOG,2023,128,CALI,55
2001,DOG,2023,129,IVY,54
2002,DOG,2023,130,REMY,54
2003,DOG,2023,131,LAYLA,53
2004,DOG,2023,132,ODIN,53
2005,DOG,2023,133,OAKLEY,52
2006,DOG,2023,134,ARLO,51
2007,DOG,2023,135,NOVA,51
2008,DOG,2023,136,PEANUT,51
2009,DOG,2023,137,RUDY,51
2010,DOG,2023,138,EDDIE,50
2011,DOG,2023,139,FREDDIE,50
2012,DOG,2023,140,LOUIS,50
2013,DOG,2023,141,MAISIE,50
2014,DOG,2023,142,NINA,50
2015,DOG,2023,143,LILLY,49
2016,DOG,2023,144,WALTER,49
2017,DOG,2023,145,BAXTER,48
2018,DOG,2023,146,LADY,48
2019,DOG,2023,147,CHICO,47
2020,DOG,2023,148,CHEWIE,46
2021,DOG,2023,149,GIZMO,46
2022,DOG,2023,150,SKY,46
2023,DOG,2023,151,STANLEY,46
2024,DOG,2023,152,ANNIE,45
2025,DOG,2023,153,MILA,45
2026,DOG,2023,154,RIO,45
2027,DOG,2023,155,SNOOPY,45
2028,DOG,2023,156,BONNIE,44
2029,DOG,2023,157,BRUCE,44
2030,DOG,2023,158,GIGI,44
2031,DOG,2023,159,RORY,44
2032,DOG,2023,160,THOR,44
2033,DOG,2023,161,HOLLY,43
2034,DOG,2023,162,MABEL,43
2035,DOG,2023,163,MICKEY,43
2036,DOG,2023,164,PIPPA,43
2037,DOG,2023,165,GEORGIA,42
2038,DOG,2023,166,HARRY,42
2039,DOG,2023,167,PARKER,42
2040,DOG,2023,168,SPARKY,42
2041,DOG,2023,169,WHISKEY,42
2042,DOG,2023,170,APOLLO,41
2043,DOG,2023,171,BO,41
2044,DOG,2023,172,CHASE,41
2045,DOG,2023,173,GEORGIE,41
2046,DOG,2023,174,HEIDI,41
2047,DOG,2023,175,RIPLEY,41
2048,DOG,2023,176,ROMEO,41
2049,DOG,2023,177,INDY,40
2050,DOG,2023,178,ROCCO,40
2051,DOG,2023,179,BANDIT,39
2052,DOG,2023,180,CHARLOTTE,39
2053,DOG,2023,181,CLOVER,39
2054,DOG,2023,182,IZZY,39
2055,DOG,2023,183,JESSIE,39
2056,DOG,2023,184,KAI,39
2057,DOG,2023,185,MANGO,39
2058,DOG,2023,186,MIKA,39
2059,DOG,2023,187,SHELBY,39
2060,DOG,2023,188,ANGUS,38
2061,DOG,2023,189,CASEY,38
2062,DOG,2023,190,MOMO,38
2063,DOG,2023,191,SANDY,38
2064,DOG,2023,192,SALLY,37
2065,DOG,2023,193,STORM,37
2066,DOG,2023,194,BOBBY,36
2067,DOG,2023,195,COSMO,36
2068,DOG,2023,196,DOLLY,36
2069,DOG,2023,197,BEN,35
2070,DOG,2023,198,BETTY,35
2071,DOG,2023,199,BILLIE,35
2072,DOG,2023,200,CALLIE,35
2073,DOG,2025,1,LUNA,549
2074,DOG,2025,2,CHARLIE,491
2075,DOG,2025,3,BELLA,386
2076,DOG,2025,4,COCO,342
2077,DOG,2025,5,MILO,315
2078,DOG,2025,6,DAISY,290
2079,DOG,2025,7,MAX,286
2080,DOG,2025,8,LUCY,266
2081,DOG,2025,9,BAILEY,262
2082,DOG,2025,10,MOLLY,258
2083,DOG,2025,11,TEDDY,249
2084,DOG,2025,12,ROSIE,237
2085,DOG,2025,13,ROCKY,229
2086,DOG,2025,14,COOPER,224
2087,DOG,2025,15,LOLA,217
2088,DOG,2025,16,LEO,211
2089,DOG,2025,17,MAGGIE,207
2090,DOG,2025,18,PENNY,204
2091,DOG,2025,19,RUBY,195
2092,DOG,2025,20,LILY,191
2093,DOG,2025,21,ARCHIE,181
2094,DOG,2025,22,BUDDY,179
2095,DOG,2025,23,STELLA,177
2096,DOG,2025,24,TOBY,176
2097,DOG,2025,25,WILLOW,174
2098,DOG,2025,26,RILEY,159
2099,DOG,2025,27,OLLIE,153
2100,DOG,2025,28,BEAR,152
2101,DOG,2025,29,MURPHY,143
2102,DOG,2025,30,LUCKY,142
2103,DOG,2025,31,FRANKIE,138
2104,DOG,2025,32,CHLOE,136
2105,DOG,2025,33,POPPY,136
2106,DOG,2025,34,HARLEY,135
2107,DOG,2025,35,PEPPER,134
2108,DOG,2025,36,LOKI,130
2109,DOG,2025,37,SADIE,129
2110,DOG,2025,38,MAYA,127
2111,DOG,2025,39,PIPER,127
2112,DOG,2025,40,JASPER,126
2113,DOG,2025,41,MILLIE,125
2114,DOG,2025,42,MIA,124
2115,DOG,2025,43,JACK,122
2116,DOG,2025,44,OLIVER,121
2117,DOG,2025,45,WINNIE,121
2118,DOG,2025,46,FINN,119
2119,DOG,2025,47,BENTLEY,116
2120,DOG,2025,48,OSCAR,115
2121,DOG,2025,49,SOPHIE,112
2122,DOG,2025,50,BLUE,110
2123,DOG,2025,51,WINSTON,110
2124,DOG,2025,52,NALA,109
2125,DOG,2025,53,OREO,108
2126,DOG,2025,54,ELLIE,107
2127,DOG,2025,55,ZOE,106
2128,DOG,2025,56,COOKIE,104
2129,DOG,2025,57,TUCKER,104
2130,CAT,2024,94,RAVEN,20
2131,CAT,2024,95,ZOE,20
2132,CAT,2024,96,ALICE,19
2133,CAT,2024,97,ASH,19
2134,CAT,2024,98,CHARLOTTE,19
2135,CAT,2024,99,IVY,19
2136,CAT,2024,100,MISO,19
2137,CAT,2024,101,MOCHI,19
2138,CAT,2024,102,PEACHES,19
2139,CAT,2024,103,PHOEBE,19
2140,CAT,2024,104,ROSE,19
2141,CAT,2024,105,SUNNY,19
2142,CAT,2024,106,TOM,19
2143,CAT,2024,107,YUKI,19
2144,CAT,2024,108,ARTEMIS,18
2145,CAT,2024,109,BISCUIT,18
2146,CAT,2024,110,BRUCE,18
2147,CAT,2024,111,CALI,18
2148,CAT,2024,112,CHESTER,18
2149,CAT,2024,113,DEXTER,18
2150,CAT,2024,114,FINN,18
2151,CAT,2024,115,JACKSON,18
2152,CAT,2024,116,MUFFIN,18
2153,CAT,2024,117,NO NAME,18
2154,CAT,2024,118,THEO,18
2155,CAT,2024,119,HOLLY,17
2156,CAT,2024,120,JERRY,17
2157,CAT,2024,121,OLIVE,17
2158,CAT,2024,122,ONYX,17
2159,CAT,2024,123,PEANUT,17
2160,CAT,2024,124,PEBBLES,17
2161,CAT,2024,125,RUSTY,17
2162,CAT,2024,126,STORM,17
2163,CAT,2024,127,STORMY,17
2164,CAT,2024,128,BUSTER,16
2165,CAT,2024,129,GARFIELD,16
2166,CAT,2024,130,HAZEL,16
2167,CAT,2024,131,HENRY,16
2168,CAT,2024,132,LILLY,16
2169,CAT,2024,133,MAPLE,16
2170,CAT,2024,134,ROCKY,16
2171,CAT,2024,135,ROMEO,16
2172,CAT,2024,136,SKY,16
2173,CAT,2024,137,SYLVESTER,16
2174,CAT,2024,138,ZOEY,16
2175,CAT,2024,139,ANNIE,15
2176,CAT,2024,140,BAILEY,15
2177,CAT,2024,141,BANDIT,15
2178,CAT,2024,142,BASIL,15
2179,CAT,2024,143,BILLY,15
2180,CAT,2024,144,BONNIE,15
2181,CAT,2024,145,CHEETO,15
2182,CAT,2024,146,EMMA,15
2183,CAT,2024,147,FRED,15
2184,CAT,2024,148,GIZMO,15
2185,CAT,2024,149,GOOSE,15
2186,CAT,2024,150,JAKE,15
2187,CAT,2024,151,LADY,15
2188,CAT,2024,152,OZZY,15
2189,CAT,2024,153,PERCY,15
2190,CAT,2024,154,PRECIOUS,15
2191,CAT,2024,155,PRINCE,15
2192,CAT,2024,156,SUSHI,15
2193,CAT,2024,157,THOR,15
2194,CAT,2024,158,TRIXIE,15
2195,CAT,2024,159,VIOLET,15
2196,CAT,2024,160,ZEUS,15
2197,CAT,2024,161,AMBER,14
2198,CAT,2024,162,BATMAN,14
2199,CAT,2024,163,CALVIN,14
2200,CAT,2024,164,DUSTY,14
2201,CAT,2024,165,HARLEY,14
2202,CAT,2024,166,JUNIPER,14
2203,CAT,2024,167,MONKEY,14
2204,CAT,2024,168,PICKLES,14
2205,CAT,2024,169,PIXIE,14
2206,CAT,2024,170,ROXY,14
2207,CAT,2024,171,SEBASTIAN,14
2208,CAT,2024,172,SOCKS,14
2209,CAT,2024,173,WINNIE,14
2210,CAT,2024,174,BEAN,13
2211,CAT,2024,175,BEAU,13
2212,CAT,2024,176,BLACKIE,13
2213,CAT,2024,177,BOB,13
2214,CAT,2024,178,CINNAMON,13
2215,CAT,2024,179,CLEMENTINE,13
2216,CAT,2024,180,ELLA,13
2217,CAT,2024,181,FREYA,13
2218,CAT,2024,182,GEORGIE,13
2219,CAT,2024,183,HONEY,13
2220,CAT,2024,184,JIMMY,13
2221,CAT,2024,185,JOJO,13
2222,CAT,2024,186,MAYA,13
2223,CAT,2024,187,MICKEY,13
2224,CAT,2024,188,MONTY,13
2225,CAT,2024,189,MOON,13
2226,CAT,2024,190,MOUSE,13
2227,CAT,2024,191,PANDA,13
2228,CAT,2024,192,PIP,13
2229,CAT,2024,193,REX,13
2230,CAT,2024,194,SABRINA,13
2231,CAT,2024,195,SASSY,13
2232,CAT,2024,196,SILVER,13
2233,CAT,2024,197,SNOW,13
2234,CAT,2024,198,SNOWBALL,13
2235,CAT,2024,199,SNOWY,13
2236,CAT,2024,200,STAR,13
2237,DOG,2025,63,DUKE,98
2238,DOG,2025,64,MOCHA,97
2239,DOG,2025,65,SIMBA,97
2240,DOG,2025,66,BRUNO,96
2241,DOG,2025,67,BENJI,95
2242,DOG,2025,68,ZEUS,95
2243,DOG,2025,69,GRACIE,93
2244,DOG,2025,70,PHOEBE,93
2245,DOG,2025,71,ZOEY,90
2246,DOG,2025,72,SCOUT,88
2247,DOG,2025,73,MAPLE,87
2248,DOG,2025,74,OLIVE,87
2249,DOG,2025,75,GEORGE,86
2250,DOG,2025,76,GINGER,85
2251,DOG,2025,77,SUNNY,85
2252,DOG,2025,78,LULU,84
2253,DOG,2025,79,MARLEY,84
2254,DOG,2025,80,JOEY,83
2255,DOG,2025,81,JUNO,83
2256,DOG,2025,82,KOBE,83
2257,DOG,2025,83,ABBY,80
2258,DOG,2025,84,GUS,80
2259,DOG,2025,85,BEAU,78
2260,DOG,2025,86,JAX,77
2261,DOG,2025,87,LEXI,77
2262,DOG,2025,88,MOOSE,77
2263,DOG,2025,89,ELLA,76
2264,DOG,2025,90,OZZY,74
2265,DOG,2025,91,SKYE,74
2266,DOG,2025,92,HONEY,73
2267,DOG,2025,93,HUDSON,73
2268,DOG,2025,94,THEO,73
2269,DOG,2025,95,KODA,72
2270,DOG,2025,96,MOCHI,71
2271,DOG,2025,97,ZIGGY,71
2272,DOG,2025,98,DEXTER,70
2273,DOG,2025,99,HUGO,70
2274,DOG,2025,100,HUNTER,70
2275,DOG,2025,101,PEANUT,70
2276,DOG,2025,102,BOWIE,69
2277,DOG,2025,103,ALFIE,68
2278,DOG,2025,104,ACE,67
2279,DOG,2025,105,NOVA,67
2280,DOG,2025,106,REX,67
2281,DOG,2025,107,ARLO,66
2282,CAT,2025,192,SUSHI,14
2283,CAT,2025,193,WHISKEY,14
2284,CAT,2025,194,ZEUS,14
2285,CAT,2025,195,ALFIE,13
2286,CAT,2025,196,APOLLO,13
2287,CAT,2025,197,ARYA,13
2288,CAT,2025,198,AUTUMN,13
2289,CAT,2025,199,BAGHEERA,13
2290,CAT,2025,200,BENJI,13
2291,CAT,2026,1,LUNA,120
2292,CAT,2026,2,LEO,58
2293,CAT,2026,3,MILO,49
2294,CAT,2026,4,CHARLIE,48
2295,CAT,2026,5,SIMBA,48
2296,CAT,2026,6,SHADOW,47
2297,CAT,2026,7,OREO,42
2298,CAT,2026,8,LUCY,41
2299,CAT,2026,9,LILY,40
2300,CAT,2026,10,MAX,40
2301,CAT,2026,11,BELLA,39
2302,CAT,2026,12,COCO,39
2303,CAT,2026,13,DAISY,38
2304,CAT,2026,14,GINGER,35
2305,CAT,2026,15,JACK,33
2306,CAT,2026,16,LOKI,30
2307,CAT,2026,17,LOLA,30
2308,CAT,2026,18,CHLOE,28
2309,CAT,2026,19,FELIX,28
2310,CAT,2026,20,OLIVER,28
2311,CAT,2026,21,SMOKEY,28
2312,CAT,2026,22,BABY,27
2313,CAT,2026,23,MIA,27
2314,CAT,2026,24,MIMI,26
2315,CAT,2026,25,MOLLY,26
2316,CAT,2026,26,PEPPER,26
2317,CAT,2026,27,TIGER,26
2318,CAT,2026,28,CLEO,25
2319,CAT,2026,29,COOKIE,25
2320,CAT,2026,30,OSCAR,25
2321,CAT,2026,31,PRINCESS,25
2322,CAT,2026,32,PUMPKIN,25
2323,CAT,2026,33,SALEM,25
2324,CAT,2026,34,GEORGE,24
2325,CAT,2026,35,NALA,24
2326,CAT,2026,36,BUDDY,23
2327,CAT,2026,37,KITTY,23
2328,CAT,2026,38,LUCKY,23
2329,CAT,2026,39,KIKI,22
2330,CAT,2026,40,MISTY,22
2331,CAT,2026,41,WILLOW,22
2332,CAT,2026,42,CALLIE,21
2333,CAT,2026,43,ROSIE,21
2334,CAT,2026,44,TOBY,21
2335,CAT,2026,45,MOCHA,20
2336,CAT,2026,46,MOCHI,20
2337,CAT,2026,47,POPPY,20
2338,CAT,2026,48,FLUFFY,19
2339,CAT,2026,49,GRACIE,19
2340,CAT,2026,50,MISSY,19
2341,CAT,2026,51,STELLA,19
2342,CAT,2026,52,IVY,18
2343,CAT,2026,53,SIMON,18
2344,CAT,2026,54,PHOEBE,17
2345,CAT,2026,55,RUBY,17
2346,CAT,2026,56,APOLLO,16
2347,CAT,2026,57,BEAN,16
2348,CAT,2026,58,MIDNIGHT,16
2349,CAT,2026,59,MINNIE,16
2350,CAT,2026,60,ONYX,16
2351,CAT,2026,61,PENELOPE,16
2352,CAT,2026,62,TIGGER,16
2353,CAT,2026,63,ANGEL,15
2354,CAT,2026,64,BISCUIT,15
2355,CAT,2026,65,BLUE,15
2356,CAT,2026,66,CASPER,15
2357,CAT,2026,67,FRANKIE,15
2358,CAT,2026,68,JOEY,15
2359,CAT,2026,69,MAPLE,15
2360,CAT,2026,70,MITTENS,15
2361,CAT,2026,71,OLLIE,15
2362,CAT,2026,72,SOPHIE,15
2363,CAT,2026,73,STORM,15
2364,CAT,2026,74,BEAR,14
2365,CAT,2026,75,BOO,14
2366,CAT,2026,76,MISO,14
2367,CAT,2026,77,NOVA,14
2368,CAT,2026,78,YUKI,14
2369,CAT,2026,79,ARTEMIS,13
2370,CAT,2026,80,BANDIT,13
2371,CAT,2026,81,HARRY,13
2372,CAT,2026,82,JASPER,13
2373,CAT,2026,83,MOMO,13
2374,CAT,2026,84,PRINCE,13
2375,CAT,2026,85,SASHA,13
2376,CAT,2026,86,TOMMY,13
2377,CAT,2026,87,WINNIE,13
2378,CAT,2026,88,ASH,12
2379,CAT,2026,89,CHESTER,12
2380,CAT,2026,90,FREYA,12
2381,CAT,2026,91,GIGI,12
2382,CAT,2026,92,KIWI,12
2383,CAT,2026,93,MAGGIE,12
2384,CAT,2026,94,MUFFIN,12
2385,CAT,2026,95,PEACHES,12
2386,CAT,2026,96,PEARL,12
2387,CAT,2026,97,SAM,12
2388,CAT,2026,98,SAMMY,12
2389,CAT,2026,99,SKY,12
2390,CAT,2026,100,SNOW,12
2391,CAT,2026,101,TOM,12
2392,CAT,2026,102,BILLY,11
2393,CAT,2026,103,BRUCE,11
2394,CAT,2026,104,GOOSE,11
2395,CAT,2026,105,HAZEL,11
2396,CAT,2026,106,HONEY,11
2397,CAT,2026,107,LULU,11
2398,CAT,2026,108,MANGO,11
2399,CAT,2026,109,OLIVE,11
2400,CAT,2026,110,PANDA,11
2401,CAT,2026,111,PATCHES,11
2402,CAT,2026,112,PEANUT,11
2403,CAT,2026,113,PENNY,11
2404,CAT,2026,114,RAVEN,11
2405,CAT,2026,115,SUGAR,11
2406,CAT,2026,116,SUNNY,11
2407,CAT,2026,117,THEO,11
2408,CAT,2026,118,TINY,11
2409,CAT,2026,119,ZOEY,11
2410,CAT,2026,120,ARCHIE,10
2411,CAT,2026,121,BOOTS,10
2412,CAT,2026,122,CALI,10
2413,CAT,2026,123,DEXTER,10
2414,CAT,2026,124,PIPER,10
2415,CAT,2026,125,SADIE,10
2416,CAT,2026,126,SMUDGE,10
2417,CAT,2026,127,STAR,10
2418,CAT,2026,128,STORMY,10
2419,CAT,2026,129,SYLVESTER,10
2420,CAT,2026,130,TEDDY,10
2421,CAT,2026,131,WINSTON,10
2422,CAT,2026,132,ZIGGY,10
2423,CAT,2026,133,ZOE,10
2424,CAT,2026,134,ABBY,9
2425,CAT,2026,135,BATMAN,9
2426,CAT,2026,136,BUSTER,9
2427,CAT,2026,137,BUTTERCUP,9
2428,CAT,2026,138,CHARLOTTE,9
2429,CAT,2026,139,COSMO,9
2430,CAT,2026,140,DUSTY,9
2431,CAT,2026,141,ECHO,9
2432,CAT,2026,142,EMBER,9
2433,CAT,2026,143,GIZMO,9
2434,DOG,2025,58,HENRY,103
2435,DOG,2025,59,LOUIE,103
2436,DOG,2025,60,ROXY,103
2437,DOG,2025,61,SHADOW,100
2438,DOG,2025,62,HAZEL,99
2439,DOG,2026,1,LUNA,299
2440,DOG,2026,2,CHARLIE,246
2441,DOG,2026,3,BELLA,203
2442,DOG,2026,4,MILO,184
2443,DOG,2026,5,COCO,178
2444,DOG,2026,6,MAX,165
2445,DOG,2026,7,DAISY,154
2446,DOG,2026,8,LUCY,152
2447,DOG,2026,9,ROSIE,148
2448,DOG,2026,10,TEDDY,141
2449,DOG,2026,11,COOPER,124
2450,DOG,2026,12,BAILEY,122
2451,DOG,2026,13,LOLA,118
2452,DOG,2026,14,ROCKY,118
2453,DOG,2026,15,PENNY,117
2454,DOG,2026,16,MAGGIE,113
2455,DOG,2026,17,LEO,112
2456,DOG,2026,18,MOLLY,107
2457,DOG,2026,19,STELLA,104
2458,DOG,2026,20,WILLOW,104
2459,DOG,2026,21,ARCHIE,99
2460,DOG,2026,22,RUBY,96
2461,DOG,2026,23,OLLIE,94
2462,DOG,2026,24,BUDDY,88
2463,DOG,2026,25,LILY,87
2464,DOG,2026,26,MURPHY,87
2465,DOG,2026,27,FRANKIE,83
2466,DOG,2026,28,BEAR,82
2467,DOG,2026,29,TOBY,82
2468,DOG,2026,30,LUCKY,79
2469,DOG,2026,31,RILEY,79
2470,DOG,2026,32,WINNIE,78
2471,DOG,2026,33,JASPER,77
2472,DOG,2026,34,HARLEY,76
2473,DOG,2026,35,PIPER,75
2474,DOG,2026,36,LOKI,71
2475,DOG,2026,37,MAYA,69
2476,DOG,2026,38,MIA,69
2477,DOG,2026,39,MILLIE,69
2478,DOG,2026,40,WINSTON,68
2479,DOG,2026,41,OLIVER,67
2480,DOG,2026,42,FINN,66
2481,DOG,2026,43,SOPHIE,65
2482,DOG,2026,44,SADIE,64
2483,DOG,2026,45,CHLOE,62
2484,DOG,2026,46,LOUIE,62
2485,DOG,2026,47,POPPY,61
2486,DOG,2026,48,OSCAR,60
2487,DOG,2026,49,NALA,59
2488,DOG,2026,50,PEPPER,59
2489,DOG,2026,51,BENJI,58
2490,DOG,2026,52,JACK,58
2491,DOG,2026,53,MOCHA,58
2492,DOG,2026,54,OREO,58
2493,DOG,2026,55,GINGER,57
2494,DOG,2026,56,ZOEY,57
2495,DOG,2026,57,ELLIE,55
2496,DOG,2026,58,GRACIE,55
2497,DOG,2026,59,HENRY,55
2498,DOG,2026,60,DUKE,54
2499,DOG,2026,61,BENTLEY,53
2500,DOG,2026,62,HAZEL,53
2501,DOG,2026,63,SHADOW,53
2502,DOG,2026,64,SIMBA,52
2503,DOG,2026,65,ROXY,50
2504,DOG,2026,66,SUNNY,50
2505,DOG,2026,67,ZEUS,50
2506,DOG,2026,68,ZOE,50
2507,DOG,2026,69,ELLA,49
2508,DOG,2026,70,NOVA,49
2509,DOG,2026,71,PHOEBE,49
2510,DOG,2026,72,JUNO,48
2511,DOG,2026,73,BRUNO,47
2512,DOG,2026,74,MOOSE,47
2513,DOG,2026,75,ZIGGY,47
2514,DOG,2026,76,ACE,46
2515,DOG,2026,77,BLUE,46
2516,DOG,2026,78,JOEY,46
2517,DOG,2026,79,GEORGE,45
2518,DOG,2026,80,THEO,45
2519,DOG,2026,81,MARLEY,44
2520,DOG,2026,82,OZZY,44
2521,DOG,2026,83,BEAU,43
2522,DOG,2026,84,JAX,43
2523,DOG,2026,85,LULU,43
2524,DOG,2026,86,OTIS,43
2525,DOG,2026,87,SCOUT,43
2526,DOG,2026,88,ABBY,42
2527,DOG,2026,89,HUGO,42
2528,DOG,2026,90,PEANUT,42
2529,DOG,2026,91,TUCKER,42
2530,DOG,2026,92,GUS,41
2531,DOG,2026,93,KODA,41
2532,DOG,2026,94,HANK,40
2533,DOG,2026,95,HONEY,40
2534,DOG,2026,96,HUNTER,40
2535,DOG,2026,97,PRINCE,39
2536,DOG,2026,98,SKYE,39
2537,DOG,2026,99,BOWIE,38
2538,DOG,2026,100,OLIVE,38
2539,DOG,2026,101,COOKIE,37
2540,DOG,2026,102,MAPLE,37
2541,DOG,2026,103,KOBE,36
2542,DOG,2026,104,MOCHI,36
2543,DOG,2026,105,MONTY,36
2544,DOG,2026,106,REMY,36
2545,DOG,2026,107,ALFIE,35
2546,DOG,2026,108,LEXI,35
2547,DOG,2026,109,OAKLEY,35
2548,DOG,2026,110,RUFUS,35
2549,DOG,2026,111,BENNY,34
2550,DOG,2026,112,HUDSON,34
2551,DOG,2026,113,MAISIE,34
2552,DOG,2026,114,SAM,34
2553,DOG,2026,115,ARLO,33
2554,DOG,2026,116,CHICO,33
2555,DOG,2026,117,CLEO,33
2556,DOG,2026,118,EMMA,33
2557,DOG,2026,119,MABEL,33
2558,DOG,2026,120,SAMMY,33
2559,DOG,2026,121,TYSON,33
2560,DOG,2026,122,COSMO,32
2561,DOG,2026,123,REX,32
2562,DOG,2026,124,EDDIE,31
2563,DOG,2026,125,GEORGIE,31
2564,DOG,2026,126,RUSTY,31
2565,DOG,2026,127,SKY,31
2566,DOG,2026,128,CHEWIE,30
2567,DOG,2026,129,DEXTER,30
2568,DOG,2026,130,GIGI,30
2569,DOG,2026,131,ANGEL,29
2570,DOG,2026,132,BANDIT,29
2571,DOG,2026,133,BRUCE,29
2572,DOG,2026,134,CODY,29
2573,DOG,2026,135,IZZY,29
2574,DOG,2026,136,JACKSON,29
2575,DOG,2026,137,WALTER,29
2576,DOG,2026,138,ECHO,28
2577,DOG,2026,139,FINNEGAN,28
2578,DOG,2026,140,FREDDIE,28
2579,DOG,2026,141,INDY,28
2580,DOG,2026,142,LAYLA,28
2581,DOG,2026,143,RUDY,28
2582,DOG,2026,144,CHASE,27
2583,DOG,2026,145,CLOVER,27
2584,DOG,2026,146,IVY,27
2585,DOG,2026,147,MOMO,27
2586,DOG,2026,148,APOLLO,26
2587,CAT,2026,144,JUNIOR,9
2588,CAT,2026,145,LADY,9
2589,CAT,2026,146,MILLIE,9
2590,CAT,2026,147,OTIS,9
2591,CAT,2026,148,PEBBLES,9
2592,CAT,2026,149,RASCAL,9
2593,CAT,2026,150,ROCKY,9
2594,CAT,2026,151,SOCKS,9
2595,CAT,2026,152,ALICE,8
2596,CAT,2026,153,ANNIE,8
2597,CAT,2026,154,BOWIE,8
2598,CAT,2026,155,BRUNO,8
2599,CAT,2026,156,ELLIE,8
2600,CAT,2026,157,ELSA,8
2601,CAT,2026,158,EMMA,8
2602,CAT,2026,159,FRED,8
2603,CAT,2026,160,GARFIELD,8
2604,CAT,2026,161,GEORGIE,8
2605,CAT,2026,162,JAMES,8
2606,CAT,2026,163,JOJO,8
2607,CAT,2026,164,KAI,8
2608,CAT,2026,165,LATTE,8
2609,CAT,2026,166,LEXI,8
2610,CAT,2026,167,MARBLE,8
2611,CAT,2026,168,MATILDA,8
2612,CAT,2026,169,MERLIN,8
2613,CAT,2026,170,MISHA,8
2614,CAT,2026,171,NINJA,8
2615,CAT,2026,172,ORION,8
2616,CAT,2026,173,PERCY,8
2617,CAT,2026,174,PETUNIA,8
2618,CAT,2026,175,PIXIE,8
2619,CAT,2026,176,SAGE,8
2620,CAT,2026,177,THOR,8
2621,CAT,2026,178,TUX,8
2622,CAT,2026,179,AMBER,7
2623,CAT,2026,180,AMY,7
2624,CAT,2026,181,ANGUS,7
2625,CAT,2026,182,ATHENA,7
2626,CAT,2026,183,BASIL,7
2627,CAT,2026,184,BAXTER,7
2628,CAT,2026,185,BOBA,7
2629,CAT,2026,186,BONNIE,7
2630,CAT,2026,187,BUBBA,7
2631,CAT,2026,188,CHANEL,7
2632,CAT,2026,189,CINNAMON,7
2633,CAT,2026,190,CLARA,7
2634,CAT,2026,191,CLEMENTINE,7
2635,CAT,2026,192,DAPHNE,7
2636,CAT,2026,193,EDDIE,7
2637,CAT,2026,194,ELLA,7
2638,CAT,2026,195,FIFI,7
2639,CAT,2026,196,FINN,7
2640,CAT,2026,197,FINNEGAN,7
2641,CAT,2026,198,HUNTER,7
2642,CAT,2026,199,INDY,7
2643,CAT,2026,200,LEIA,7
2644,DOG,2025,108,MONTY,66
2645,DOG,2025,109,TYSON,66
2646,DOG,2025,110,EMMA,65
2647,DOG,2025,111,HANK,65
2648,DOG,2025,112,IVY,65
2649,DOG,2025,113,GIGI,63
2650,DOG,2025,114,OTIS,63
2651,DOG,2025,115,PRINCE,63
2652,DOG,2025,116,FINNEGAN,62
2653,DOG,2025,117,REMY,59
2654,DOG,2025,118,SASHA,59
2655,DOG,2025,119,MAISIE,58
2656,DOG,2025,120,RUFUS,58
2657,DOG,2025,121,ANGEL,57
2658,DOG,2025,122,APOLLO,57
2659,DOG,2025,123,RUSTY,57
2660,DOG,2025,124,CLEO,56
2661,DOG,2025,125,CODY,56
2662,DOG,2025,126,EDDIE,56
2663,DOG,2025,127,JAKE,56
2664,DOG,2025,128,OAKLEY,56
2665,DOG,2025,129,ODIN,56
2666,DOG,2025,130,RUDY,55
2667,DOG,2025,131,SAM,55
2668,DOG,2025,132,WALTER,55
2669,DOG,2025,133,CHICO,54
2670,DOG,2025,134,FREDDIE,54
2671,DOG,2025,135,SAMMY,54
2672,DOG,2025,136,CALI,53
2673,DOG,2025,137,CHASE,53
2674,DOG,2025,138,JACKSON,53
2675,DOG,2025,139,REGGIE,53
2676,DOG,2025,140,BENNY,52
2677,DOG,2025,141,RIPLEY,52
2678,DOG,2025,142,MABEL,51
2679,DOG,2025,143,MILA,51
2680,DOG,2025,144,MOMO,51
2681,DOG,2025,145,THOR,50
2682,DOG,2025,146,BANDIT,49
2683,DOG,2025,147,CHEWIE,49
2684,DOG,2025,148,DIESEL,49
2685,DOG,2025,149,LOUIS,49
2686,DOG,2025,150,RIVER,49
2687,DOG,2025,151,BONNIE,48
2688,DOG,2025,152,BRUCE,48
2689,DOG,2025,153,LAYLA,48
2690,DOG,2025,154,YUKI,48
2691,DOG,2025,155,BUSTER,47
2692,DOG,2025,156,CHESTER,47
2693,DOG,2025,157,SKY,47
2694,DOG,2025,158,SNOOPY,47
2695,DOG,2025,159,BO,46
2696,DOG,2025,160,COSMO,46
2697,DOG,2025,161,KAI,46
2698,DOG,2025,162,LILLY,46
2699,DOG,2025,163,GEORGIE,45
2700,DOG,2025,164,HOLLY,45
2701,DOG,2025,165,LADY,45
2702,DOG,2025,166,WHISKEY,45
2703,DOG,2025,167,BETTY,44
2704,DOG,2025,168,FINLEY,44
2705,DOG,2025,169,HARRY,44
2706,DOG,2025,170,CLOVER,43
2707,DOG,2025,171,IZZY,43
2708,DOG,2025,172,STORM,43
2709,DOG,2025,173,BISCUIT,42
2710,DOG,2025,174,PARKER,42
2711,DOG,2025,175,RIO,42
2712,DOG,2025,176,ROCCO,42
2713,DOG,2025,177,ROMEO,42
2714,DOG,2025,178,RORY,41
2715,DOG,2025,179,STANLEY,41
2716,DOG,2025,180,ANNIE,40
2717,DOG,2025,181,DOLLY,40
2718,DOG,2025,182,ECHO,40
2719,DOG,2025,183,RAMBO,40
2720,DOG,2025,184,TILLY,40
2721,DOG,2025,185,BILLIE,39
2722,DOG,2025,186,GEORGIA,39
2723,DOG,2025,187,MIKA,39
2724,DOG,2025,188,PLUTO,39
2725,DOG,2025,189,DAKOTA,38
2726,DOG,2025,190,MANGO,38
2727,DOG,2025,191,MICKEY,38
2728,DOG,2025,192,NUGGET,38
2729,DOG,2025,193,PIPPA,38
2730,DOG,2025,194,QUINN,38
2731,DOG,2025,195,ATHENA,37
2732,DOG,2025,196,BAXTER,37
2733,DOG,2025,197,GIZMO,37
2734,DOG,2025,198,HEIDI,37
2735,DOG,2025,199,KALI,37
2736,DOG,2025,200,LUKE,37
2737,DOG,2026,149,BLU,26
2738,DOG,2026,150,CHESTER,26
2739,DOG,2026,151,JAKE,26
2740,DOG,2026,152,KAI,26
2741,DOG,2026,153,LOUIS,26
2742,DOG,2026,154,NUGGET,26
2743,DOG,2026,155,YOSHI,26
2744,DOG,2026,156,MILA,25
2745,DOG,2026,157,ODIN,25
2746,DOG,2026,158,PLUTO,25
2747,DOG,2026,159,REGGIE,25
2748,DOG,2026,160,SCOOBY,25
2749,DOG,2026,161,THOR,25
2750,DOG,2026,162,FREYA,24
2751,DOG,2026,163,KONA,24
2752,DOG,2026,164,ROCCO,24
2753,DOG,2026,165,SASHA,24
2754,DOG,2026,166,VIOLET,24
2755,DOG,2026,167,ANNIE,23
2756,DOG,2026,168,BAXTER,23
2757,DOG,2026,169,CALI,23
2758,DOG,2026,170,FINLEY,23
2759,DOG,2026,171,KING,23
2760,DOG,2026,172,RIO,23
2761,DOG,2026,173,RIPLEY,23
2762,DOG,2026,174,STANLEY,23
2763,DOG,2026,175,XENA,23
2764,DOG,2026,176,KIWI,22
2765,DOG,2026,177,LILLY,22
2766,DOG,2026,178,MAVERICK,22
2767,DOG,2026,179,MICKEY,22
2768,DOG,2026,180,NINA,22
2769,DOG,2026,181,ROMEO,22
2770,DOG,2026,182,BETTY,21
2771,DOG,2026,183,BO,21
2772,DOG,2026,184,CASEY,21
2773,DOG,2026,185,HEIDI,21
2774,DOG,2026,186,HOLLY,21
2775,DOG,2026,187,KALI,21
2776,DOG,2026,188,LEIA,21
2777,DOG,2026,189,MIKA,21
2778,DOG,2026,190,PRINCESS,21
2779,DOG,2026,191,RIVER,21
2780,DOG,2026,192,ROXIE,21
2781,DOG,2026,193,SNOOPY,21
2782,DOG,2026,194,WHISKEY,21
2783,DOG,2026,195,BERNIE,20
2784,DOG,2026,196,BILLIE,20
2785,DOG,2026,197,BISCUIT,20
2786,DOG,2026,198,CALLIE,20
2787,DOG,2026,199,DAKOTA,20
2788,DOG,2026,200,ENZO,20
2789,DOG,2022,56,WINNIE,106
2790,DOG,2022,57,MIA,104
2791,DOG,2022,58,BRUNO,103
2792,DOG,2022,59,JOEY,101
2793,DOG,2022,60,GRACIE,98
2794,DOG,2022,61,SHADOW,97
2795,DOG,2022,62,ZEUS,97
2796,DOG,2022,63,MARLEY,94
2797,DOG,2022,64,OREO,94
2798,DOG,2022,65,LOUIE,92
2799,DOG,2022,66,MOCHA,92
2800,DOG,2022,67,DUKE,91
